event_id;user_id;added_at
226cb60b-5f31-4555-a214-e9ca320cc838;9f63a60c-8762-4501-8709-cb7dd9839395;2026-06-14 19:28:58.563849+00
226cb60b-5f31-4555-a214-e9ca320cc838;106966a8-49da-4979-8128-cac4c3f18717;2026-06-14 19:28:58.563849+00
226cb60b-5f31-4555-a214-e9ca320cc838;b8fd821c-6f60-45de-a566-7bbcaf751840;2026-06-14 19:28:58.563849+00
226cb60b-5f31-4555-a214-e9ca320cc838;7d327e62-d2fd-4e0f-b568-1cedddd6d844;2026-06-14 19:28:58.563849+00
226cb60b-5f31-4555-a214-e9ca320cc838;5470ed47-a479-458f-ba1f-a484eed07966;2026-06-14 19:28:58.563849+00
226cb60b-5f31-4555-a214-e9ca320cc838;c6d1efa2-3b4c-49c3-9303-ef6ec6ad6844;2026-06-14 19:28:58.563849+00
226cb60b-5f31-4555-a214-e9ca320cc838;22ae45d8-1655-4823-9888-03033f6809c5;2026-06-14 19:28:58.563849+00
226cb60b-5f31-4555-a214-e9ca320cc838;6aa1e8fb-8206-4950-a17a-a6e4620976ee;2026-06-14 19:28:58.563849+00
226cb60b-5f31-4555-a214-e9ca320cc838;fb1cd4e3-6cd7-4644-b57e-1944a9f9184e;2026-06-14 19:28:58.563849+00
226cb60b-5f31-4555-a214-e9ca320cc838;f6db402f-ed5a-4a49-b6db-04a165963e80;2026-06-14 19:28:58.563849+00
226cb60b-5f31-4555-a214-e9ca320cc838;f35b4ae7-b2d9-44d0-946d-1f4bf45f5cfa;2026-06-14 19:28:58.563849+00
226cb60b-5f31-4555-a214-e9ca320cc838;948899bb-83cb-414e-adba-61737b74a49f;2026-06-14 19:28:58.563849+00
226cb60b-5f31-4555-a214-e9ca320cc838;7110aa2b-a39d-430c-8379-0fe623286daa;2026-06-14 19:28:58.563849+00
226cb60b-5f31-4555-a214-e9ca320cc838;f95b14ba-dc32-4249-9f48-b3ee66601fd0;2026-06-14 19:28:58.563849+00
226cb60b-5f31-4555-a214-e9ca320cc838;69b6cd8e-39dd-4ed0-b0fd-78f189220a2e;2026-06-14 19:28:58.563849+00
226cb60b-5f31-4555-a214-e9ca320cc838;f1d7fcc2-4e1e-4324-9e3c-044a62e65f38;2026-06-14 19:28:58.563849+00
226cb60b-5f31-4555-a214-e9ca320cc838;f93a14b8-5665-4fb5-9239-676f10b932d8;2026-06-14 19:28:58.563849+00
226cb60b-5f31-4555-a214-e9ca320cc838;db344374-c27c-4045-85e3-5ed526e1af5a;2026-06-14 19:28:58.563849+00
226cb60b-5f31-4555-a214-e9ca320cc838;0bb01b55-f710-4771-a150-8681f2ecf0bb;2026-06-14 19:28:58.563849+00
226cb60b-5f31-4555-a214-e9ca320cc838;a2f94981-c6eb-4a31-8b00-84cbb4253375;2026-06-14 19:28:58.563849+00
226cb60b-5f31-4555-a214-e9ca320cc838;15a199a9-aded-4e8d-9bbc-6c680d62c846;2026-06-14 19:28:58.563849+00
226cb60b-5f31-4555-a214-e9ca320cc838;18805762-5a95-473d-9ddf-9fe2ed3316dc;2026-06-14 19:28:58.563849+00
226cb60b-5f31-4555-a214-e9ca320cc838;5da27ea6-d15e-4c8c-9b5d-821424f7f00a;2026-06-14 19:28:58.563849+00
226cb60b-5f31-4555-a214-e9ca320cc838;ca79c399-e8c9-40e5-be3f-8f76c10db449;2026-06-14 19:28:58.563849+00
226cb60b-5f31-4555-a214-e9ca320cc838;410b0975-9e39-4973-895e-c791de9a784d;2026-06-14 19:28:58.563849+00
226cb60b-5f31-4555-a214-e9ca320cc838;91db106f-8900-4e6a-ac2b-f4dc60637c5c;2026-06-14 19:28:58.563849+00
226cb60b-5f31-4555-a214-e9ca320cc838;ad707edd-529a-4ea0-bd66-87a01fb31e3d;2026-06-14 19:28:58.563849+00
226cb60b-5f31-4555-a214-e9ca320cc838;e3d7532d-ff3c-4b0e-a4a8-357a3fe0b9c7;2026-06-14 19:28:58.563849+00
226cb60b-5f31-4555-a214-e9ca320cc838;75de94b5-df81-4e93-b874-c6369e010f28;2026-06-14 19:28:58.563849+00
226cb60b-5f31-4555-a214-e9ca320cc838;78d8a327-e828-4721-a29c-2fae0e11fa04;2026-06-14 19:28:58.563849+00
226cb60b-5f31-4555-a214-e9ca320cc838;cdd22065-ff0d-42d2-955c-42254021bb0e;2026-06-14 19:28:58.563849+00
226cb60b-5f31-4555-a214-e9ca320cc838;68bdd512-84b1-469b-adb7-47106d1a63a2;2026-06-14 19:28:58.563849+00
226cb60b-5f31-4555-a214-e9ca320cc838;b16cac15-576c-451e-ac11-3ce8f58a2b20;2026-06-14 19:28:58.563849+00
226cb60b-5f31-4555-a214-e9ca320cc838;ba2de7e7-6233-440b-854f-7966e11aeebd;2026-06-14 19:28:58.563849+00
226cb60b-5f31-4555-a214-e9ca320cc838;18086caa-1d3f-4ea1-8081-a0838179b2ad;2026-06-14 19:28:58.563849+00
226cb60b-5f31-4555-a214-e9ca320cc838;aea2e884-6c2b-4cbb-86ce-8c39f9d58bd0;2026-06-14 19:28:58.563849+00
226cb60b-5f31-4555-a214-e9ca320cc838;9f0de231-1bd1-4c3e-a42e-5406a4eb0adb;2026-06-14 19:28:58.563849+00
226cb60b-5f31-4555-a214-e9ca320cc838;1b1e865c-279a-466a-801a-5938a016384d;2026-06-14 19:28:58.563849+00
226cb60b-5f31-4555-a214-e9ca320cc838;6ea05744-17a7-4c1d-85f5-0b44beefc1d4;2026-06-14 19:28:58.563849+00
226cb60b-5f31-4555-a214-e9ca320cc838;f8829010-faf1-4a5c-9150-fa4f7cd28b9b;2026-06-14 19:28:58.563849+00
226cb60b-5f31-4555-a214-e9ca320cc838;21b8bf2d-6bfc-4ff4-b935-3f5e516a8fe6;2026-06-14 19:28:58.563849+00
226cb60b-5f31-4555-a214-e9ca320cc838;2eb9a1b7-898c-45b4-83f1-ee6b3de0b3f4;2026-06-14 19:28:58.563849+00
226cb60b-5f31-4555-a214-e9ca320cc838;7360ef3f-b89b-4778-9c9a-986702a417c9;2026-06-14 19:28:58.563849+00
226cb60b-5f31-4555-a214-e9ca320cc838;5d209cf6-416e-47c4-b81d-aa6c708d39dd;2026-06-14 19:28:58.563849+00
226cb60b-5f31-4555-a214-e9ca320cc838;ab3489f0-b455-473d-a8b6-3ada820a13a7;2026-06-14 19:28:58.563849+00
226cb60b-5f31-4555-a214-e9ca320cc838;c4779b9c-cb07-4071-9d2e-7e41ab652beb;2026-06-14 19:28:58.563849+00
226cb60b-5f31-4555-a214-e9ca320cc838;4d0b215b-787c-48b3-8fb7-b022436deff3;2026-06-14 19:28:58.563849+00
226cb60b-5f31-4555-a214-e9ca320cc838;c2fc3ee1-9b39-4527-8cde-31cf4728aa81;2026-06-14 19:28:58.563849+00
226cb60b-5f31-4555-a214-e9ca320cc838;a4699384-cfeb-4b2e-aa98-f0d45cfab41e;2026-06-14 19:28:58.563849+00
226cb60b-5f31-4555-a214-e9ca320cc838;23c6f35a-d1d3-43d6-90d1-331bdee2aec9;2026-06-14 19:28:58.563849+00
226cb60b-5f31-4555-a214-e9ca320cc838;60259ee8-fc6f-4bfb-9701-e2f981dc5273;2026-06-14 19:28:58.563849+00
226cb60b-5f31-4555-a214-e9ca320cc838;778578b5-8979-4f0e-b208-2f7825a54d09;2026-06-14 19:28:58.563849+00
226cb60b-5f31-4555-a214-e9ca320cc838;14728fc0-a0aa-48d7-a116-f66020683dab;2026-06-14 19:28:58.563849+00
226cb60b-5f31-4555-a214-e9ca320cc838;16e60115-4f7d-475a-86c4-726b235ff0c7;2026-06-14 19:28:58.563849+00
226cb60b-5f31-4555-a214-e9ca320cc838;c0e4444d-5fa4-4d5c-92c1-805d1555abce;2026-06-14 19:28:58.563849+00
226cb60b-5f31-4555-a214-e9ca320cc838;46e9ce43-a3c3-4210-932d-603657be508e;2026-06-14 19:28:58.563849+00
226cb60b-5f31-4555-a214-e9ca320cc838;c8141797-f933-4874-95e5-e84ddd433522;2026-06-14 19:28:58.563849+00
226cb60b-5f31-4555-a214-e9ca320cc838;262b3297-9b51-40c7-ad78-3b116beabe21;2026-06-14 19:28:58.563849+00
226cb60b-5f31-4555-a214-e9ca320cc838;a6a1d8cd-4977-4926-a93c-4f853a312a69;2026-06-14 19:28:58.563849+00
226cb60b-5f31-4555-a214-e9ca320cc838;10e1228e-3262-4373-b031-64d02ec02f71;2026-06-14 19:28:58.563849+00
226cb60b-5f31-4555-a214-e9ca320cc838;7f418b61-a656-46b7-a1b0-1a859eece0e7;2026-06-14 19:28:58.563849+00
226cb60b-5f31-4555-a214-e9ca320cc838;ce36c77c-578f-4eaf-83bc-8f825f248bbe;2026-06-14 19:28:58.563849+00
226cb60b-5f31-4555-a214-e9ca320cc838;b16e865e-e820-42ad-9f9c-c5baf85fddac;2026-06-14 19:28:58.563849+00
226cb60b-5f31-4555-a214-e9ca320cc838;269cbe64-063d-46d8-9edc-21c1d29fb75d;2026-06-14 19:28:58.563849+00
226cb60b-5f31-4555-a214-e9ca320cc838;1ea16614-469d-49b3-b6ac-b23d20b99dff;2026-06-14 19:28:58.563849+00
226cb60b-5f31-4555-a214-e9ca320cc838;51e15f32-4adc-4c15-bb0f-53b9946fe556;2026-06-14 19:28:58.563849+00
226cb60b-5f31-4555-a214-e9ca320cc838;8f5abff7-05e1-4dcf-934f-a427303ba0a1;2026-06-14 19:28:58.563849+00
226cb60b-5f31-4555-a214-e9ca320cc838;7f37ce55-bfa0-45bc-b17e-9b1e60103d2c;2026-06-14 19:28:58.563849+00
226cb60b-5f31-4555-a214-e9ca320cc838;c65a2449-ff1b-4da4-b778-87fbe6418e1b;2026-06-14 19:28:58.563849+00
226cb60b-5f31-4555-a214-e9ca320cc838;a1523ca7-0db0-46f3-91aa-c132dfb2821d;2026-06-14 19:28:58.563849+00
226cb60b-5f31-4555-a214-e9ca320cc838;5a76f6e0-185f-44fa-bddd-0d69fc68201b;2026-06-14 19:28:58.563849+00
226cb60b-5f31-4555-a214-e9ca320cc838;d3cd1d01-3c6d-4ee3-98ea-d05c4b283fd5;2026-06-14 19:28:58.563849+00
226cb60b-5f31-4555-a214-e9ca320cc838;ff11fabc-ff14-4e11-9f9e-e9fd4198e31b;2026-06-14 19:28:58.563849+00
226cb60b-5f31-4555-a214-e9ca320cc838;d61320bc-4a53-428c-9aab-d830637a264e;2026-06-14 19:28:58.563849+00
226cb60b-5f31-4555-a214-e9ca320cc838;bda2094d-6587-41da-991b-a600be125ead;2026-06-14 19:28:58.563849+00
226cb60b-5f31-4555-a214-e9ca320cc838;d4df8aeb-1364-41e8-b29d-871d904b61cc;2026-06-14 19:28:58.563849+00
226cb60b-5f31-4555-a214-e9ca320cc838;6db24d02-b626-401c-afb0-fa86fa448789;2026-06-14 19:28:58.563849+00
226cb60b-5f31-4555-a214-e9ca320cc838;cc9c3429-8d57-49ba-a659-922c24d4c9be;2026-06-14 19:28:58.563849+00
226cb60b-5f31-4555-a214-e9ca320cc838;601b1cc3-161f-4e11-aa92-e93b42515026;2026-06-14 19:28:58.563849+00
226cb60b-5f31-4555-a214-e9ca320cc838;ba324abb-5b67-46fd-bce4-5401de6b6528;2026-06-14 19:28:58.563849+00
226cb60b-5f31-4555-a214-e9ca320cc838;476cf114-d7a2-4171-8700-911a79d8df1b;2026-06-14 19:28:58.563849+00
226cb60b-5f31-4555-a214-e9ca320cc838;7b049f62-6fe2-4662-89d5-1abdd5c3f040;2026-06-14 19:28:58.563849+00
226cb60b-5f31-4555-a214-e9ca320cc838;647e138d-b07b-44d5-933f-344b13c507c1;2026-06-14 19:28:58.563849+00
226cb60b-5f31-4555-a214-e9ca320cc838;d3279dd4-d7bc-4ee2-aea6-a321ebeb4575;2026-06-14 19:28:58.563849+00
226cb60b-5f31-4555-a214-e9ca320cc838;e8600cba-0f7e-479b-b4c0-60e77c4c7e7f;2026-06-14 19:28:58.563849+00
226cb60b-5f31-4555-a214-e9ca320cc838;67cdc95c-b237-4cd9-953d-9ca6a010e082;2026-06-14 19:28:58.563849+00
226cb60b-5f31-4555-a214-e9ca320cc838;d82cd48f-7d9c-49da-8f63-de8da2669799;2026-06-14 19:28:58.563849+00
226cb60b-5f31-4555-a214-e9ca320cc838;a539fc6c-41be-422a-ae21-57ea95047ce2;2026-06-14 19:28:58.563849+00
226cb60b-5f31-4555-a214-e9ca320cc838;b610d6f0-9ebe-4400-a61b-e3af0a19a296;2026-06-14 19:28:58.563849+00
226cb60b-5f31-4555-a214-e9ca320cc838;383a43b3-0021-46ea-b6fc-1d2badd745a2;2026-06-14 19:28:58.563849+00
226cb60b-5f31-4555-a214-e9ca320cc838;ad90a7e1-b20b-455c-af5a-1f7611fd4c8e;2026-06-14 19:28:58.563849+00
226cb60b-5f31-4555-a214-e9ca320cc838;aa35b6a2-4e49-4993-b986-4f721b6c4cc8;2026-06-14 19:28:58.563849+00
226cb60b-5f31-4555-a214-e9ca320cc838;1dc024fd-cb1f-4dff-b323-6b9de1780089;2026-06-14 19:28:58.563849+00
226cb60b-5f31-4555-a214-e9ca320cc838;99e82a00-df9d-4962-90d5-146c76e3b9e0;2026-06-14 19:28:58.563849+00
226cb60b-5f31-4555-a214-e9ca320cc838;fe2c1f3d-ac22-468f-a172-c62b9171ee25;2026-06-14 19:28:58.563849+00
226cb60b-5f31-4555-a214-e9ca320cc838;bf0cd209-8e1b-45e3-907c-ef17c4a13484;2026-06-14 19:28:58.563849+00
226cb60b-5f31-4555-a214-e9ca320cc838;c445dcb1-a250-45f5-a855-d1e5e5444eb1;2026-06-14 19:28:58.563849+00
226cb60b-5f31-4555-a214-e9ca320cc838;12dac5d7-d8ec-4268-91c6-00e7148fe68f;2026-06-14 19:28:58.563849+00
226cb60b-5f31-4555-a214-e9ca320cc838;dd55ae64-576e-41e1-9138-b9b9276079ec;2026-06-14 19:28:58.563849+00
226cb60b-5f31-4555-a214-e9ca320cc838;3c8a1751-9722-49c3-a13d-cad4627550a5;2026-06-14 19:28:58.563849+00
226cb60b-5f31-4555-a214-e9ca320cc838;c5d4010a-ff04-4193-9496-e31b440201f1;2026-06-14 19:28:58.563849+00
226cb60b-5f31-4555-a214-e9ca320cc838;8ad44c7d-0efd-42ce-b2c3-589e6e848c96;2026-06-14 19:28:58.563849+00
226cb60b-5f31-4555-a214-e9ca320cc838;2f3630a8-dacd-485d-b5ad-73bd8829444e;2026-06-14 19:28:58.563849+00
226cb60b-5f31-4555-a214-e9ca320cc838;68b96824-386b-4297-9497-4924f9b03fae;2026-06-14 19:28:58.563849+00
226cb60b-5f31-4555-a214-e9ca320cc838;260f9e2d-20c9-4c43-a58a-57899cc4b015;2026-06-14 19:28:58.563849+00
226cb60b-5f31-4555-a214-e9ca320cc838;11d7dc87-7241-4dd3-8339-030745f45895;2026-06-14 19:28:58.563849+00
226cb60b-5f31-4555-a214-e9ca320cc838;eece6519-1011-434f-8c39-1968a6a7a910;2026-06-14 19:28:58.563849+00
226cb60b-5f31-4555-a214-e9ca320cc838;b44f61e2-f88e-48c1-a87d-2dcbf8e8ee0e;2026-06-14 19:28:58.563849+00
226cb60b-5f31-4555-a214-e9ca320cc838;ec54b03b-4764-4ccd-90a1-6f9f62812b10;2026-06-14 19:28:58.563849+00
226cb60b-5f31-4555-a214-e9ca320cc838;de2a3ebb-5505-4190-9d05-3689dfb41d76;2026-06-14 19:28:58.563849+00
226cb60b-5f31-4555-a214-e9ca320cc838;98a4bd87-ee94-447c-9b10-d80dac802e73;2026-06-14 19:28:58.563849+00
226cb60b-5f31-4555-a214-e9ca320cc838;c6f2107e-1d7a-4e60-8b6c-ca2f884b4a09;2026-06-14 19:28:58.563849+00
226cb60b-5f31-4555-a214-e9ca320cc838;b21bb80a-eab4-40fd-9fb7-df8705b0b4af;2026-06-14 19:28:58.563849+00
226cb60b-5f31-4555-a214-e9ca320cc838;bda137f3-fefa-4fdb-9b41-ecb86e472f12;2026-06-14 19:28:58.563849+00
226cb60b-5f31-4555-a214-e9ca320cc838;b9294ac3-f6e2-47d6-a49b-e0dc7bdb0ba8;2026-06-14 19:28:58.563849+00
226cb60b-5f31-4555-a214-e9ca320cc838;06f0838b-c8f0-4b69-801f-79352f6cc2ef;2026-06-14 19:28:58.563849+00
226cb60b-5f31-4555-a214-e9ca320cc838;5752326b-5a10-4562-87bb-4ea595663f04;2026-06-14 19:28:58.563849+00
226cb60b-5f31-4555-a214-e9ca320cc838;7871e200-2929-4894-910f-a51e1c1eb977;2026-06-14 19:28:58.563849+00
226cb60b-5f31-4555-a214-e9ca320cc838;f7437555-d3cb-4e14-8a62-f4e3d02e9504;2026-06-14 19:28:58.563849+00
226cb60b-5f31-4555-a214-e9ca320cc838;1a383914-dc8a-4176-8f64-9d58d8eaad48;2026-06-14 19:28:58.563849+00
226cb60b-5f31-4555-a214-e9ca320cc838;9aca759a-a7b3-4723-8f17-f4ace2106c8f;2026-06-14 19:28:58.563849+00
226cb60b-5f31-4555-a214-e9ca320cc838;b4dec554-e6c4-49bb-a343-e0fa0fd108a2;2026-06-14 19:28:58.563849+00
226cb60b-5f31-4555-a214-e9ca320cc838;a0275be5-665c-4eaa-925e-9eabff53fbb7;2026-06-14 19:28:58.563849+00
226cb60b-5f31-4555-a214-e9ca320cc838;c2b55b70-337e-42a7-825d-4f5c15073811;2026-06-14 19:28:58.563849+00
226cb60b-5f31-4555-a214-e9ca320cc838;89b781a7-abd4-4d0f-9a29-e27d7984922e;2026-06-14 19:28:58.563849+00
226cb60b-5f31-4555-a214-e9ca320cc838;fdd266b0-880f-40da-b8e9-6f11dc2338aa;2026-06-14 19:28:58.563849+00
226cb60b-5f31-4555-a214-e9ca320cc838;e47eb27a-d554-4224-942f-cd3a2ab12bae;2026-06-14 19:28:58.563849+00
226cb60b-5f31-4555-a214-e9ca320cc838;39855d66-f153-470d-bbbe-e786e4158134;2026-06-14 19:28:58.563849+00
226cb60b-5f31-4555-a214-e9ca320cc838;a8fa911a-ce6f-481a-b616-dff4ef797877;2026-06-14 19:28:58.563849+00
226cb60b-5f31-4555-a214-e9ca320cc838;2bf4f2ba-f7e7-40ab-a67e-be3992edb6fb;2026-06-14 19:28:58.563849+00
226cb60b-5f31-4555-a214-e9ca320cc838;14d8201d-35a1-47d9-bb1b-207ad74adc73;2026-06-14 19:28:58.563849+00
226cb60b-5f31-4555-a214-e9ca320cc838;b3ab131d-6852-4e63-9a97-a9e74f5720ff;2026-06-14 19:28:58.563849+00
226cb60b-5f31-4555-a214-e9ca320cc838;8f6dc202-c309-42a5-8f96-0c794556f967;2026-06-14 19:28:58.563849+00
226cb60b-5f31-4555-a214-e9ca320cc838;b7e2cd5c-60ef-4602-9983-04af82ac320f;2026-06-14 19:28:58.563849+00
226cb60b-5f31-4555-a214-e9ca320cc838;9b94d632-c9b6-477f-b7ba-cbd0961a6e7f;2026-06-14 19:28:58.563849+00
226cb60b-5f31-4555-a214-e9ca320cc838;e2384020-a845-4271-80bf-c785057fce40;2026-06-14 19:28:58.563849+00
226cb60b-5f31-4555-a214-e9ca320cc838;6b4fe9e1-edd7-447b-af4d-91311c39edb5;2026-06-14 19:28:58.563849+00
226cb60b-5f31-4555-a214-e9ca320cc838;2c3b5054-a262-45be-bf98-cf41ba30eac4;2026-06-14 19:28:58.563849+00
226cb60b-5f31-4555-a214-e9ca320cc838;25453f48-dee9-4f8e-82fc-f9d65d9f2f87;2026-06-14 19:28:58.563849+00
226cb60b-5f31-4555-a214-e9ca320cc838;0e523546-85a7-4838-a7d5-f00cc771ffbe;2026-06-14 19:28:58.563849+00
226cb60b-5f31-4555-a214-e9ca320cc838;1b999173-ede5-4f58-980e-98d46b5c3f70;2026-06-14 19:28:58.563849+00
226cb60b-5f31-4555-a214-e9ca320cc838;b06d4600-a403-4606-abfa-db59db70c745;2026-06-14 19:28:58.563849+00
226cb60b-5f31-4555-a214-e9ca320cc838;70181e2e-cc6e-4006-a36f-99bfabd09157;2026-06-14 19:28:58.563849+00
226cb60b-5f31-4555-a214-e9ca320cc838;bf2cd794-4d0c-4003-9b91-12ff8dfe0d1b;2026-06-14 19:28:58.563849+00
226cb60b-5f31-4555-a214-e9ca320cc838;fca45e68-0f80-4b5c-af36-52d8a9b35bc9;2026-06-14 19:28:58.563849+00
226cb60b-5f31-4555-a214-e9ca320cc838;66fb1b2e-123f-4b24-b7e4-606dd64f5ea8;2026-06-14 19:28:58.563849+00
226cb60b-5f31-4555-a214-e9ca320cc838;d4d1474b-a02f-4a3b-a691-68523b8d0856;2026-06-14 19:28:58.563849+00
226cb60b-5f31-4555-a214-e9ca320cc838;f824382b-d217-452e-85c1-b883c236f97b;2026-06-14 19:28:58.563849+00
226cb60b-5f31-4555-a214-e9ca320cc838;7d12754a-0665-4bf1-9306-2ea500e4fa92;2026-06-14 19:28:58.563849+00
226cb60b-5f31-4555-a214-e9ca320cc838;77935894-1428-4fe3-be63-8b0f46a895c0;2026-06-14 19:28:58.563849+00
226cb60b-5f31-4555-a214-e9ca320cc838;76a8e73f-48f3-46ef-adb4-9060c2cf7f3b;2026-06-14 19:28:58.563849+00
226cb60b-5f31-4555-a214-e9ca320cc838;93f30f04-d185-4a3a-a042-66f39279b226;2026-06-14 19:28:58.563849+00
226cb60b-5f31-4555-a214-e9ca320cc838;a1c0d2c6-6712-4314-a2bb-a7fd7ffea6da;2026-06-14 19:28:58.563849+00
226cb60b-5f31-4555-a214-e9ca320cc838;cfbe7410-c7d3-48bd-8d6f-f4c1b5122218;2026-06-14 19:28:58.563849+00
226cb60b-5f31-4555-a214-e9ca320cc838;c601abb0-74f7-42da-81eb-0093c9f246bb;2026-06-14 19:28:58.563849+00
226cb60b-5f31-4555-a214-e9ca320cc838;caa0dfd6-d59f-470f-a998-dff326434652;2026-06-14 19:28:58.563849+00
226cb60b-5f31-4555-a214-e9ca320cc838;96d3bd65-ed21-4935-8283-60c8ef21455b;2026-06-14 19:28:58.563849+00
226cb60b-5f31-4555-a214-e9ca320cc838;845004ae-012f-45aa-8b12-409d03511d4d;2026-06-14 19:28:58.563849+00
226cb60b-5f31-4555-a214-e9ca320cc838;b867e606-72a4-47df-91f4-0ad289b1a97f;2026-06-14 19:28:58.563849+00
226cb60b-5f31-4555-a214-e9ca320cc838;90415b7b-0f41-4b47-8389-f5a7a7357bcf;2026-06-14 19:28:58.563849+00
226cb60b-5f31-4555-a214-e9ca320cc838;5d4aa793-25fb-46fb-97ca-609db5b6b52e;2026-06-14 19:28:58.563849+00
226cb60b-5f31-4555-a214-e9ca320cc838;991b3602-1797-4810-bd5a-6dbcacd0b14e;2026-06-14 19:28:58.563849+00
226cb60b-5f31-4555-a214-e9ca320cc838;d7c11f17-b321-4975-a16e-1e9078d7c982;2026-06-14 19:28:58.563849+00
226cb60b-5f31-4555-a214-e9ca320cc838;c59470f5-35d4-4eb9-bae3-79f0b80ba192;2026-06-14 19:28:58.563849+00
226cb60b-5f31-4555-a214-e9ca320cc838;a44c5ce8-678f-4537-b690-395eaea612b2;2026-06-14 19:28:58.563849+00
226cb60b-5f31-4555-a214-e9ca320cc838;994d2491-36b2-4e6e-bc0e-a897bf6fbec1;2026-06-14 19:28:58.563849+00
226cb60b-5f31-4555-a214-e9ca320cc838;989c33a0-a107-40f2-8cf5-f55ac5b5a1f0;2026-06-14 19:28:58.563849+00
226cb60b-5f31-4555-a214-e9ca320cc838;0fb26968-0f4a-419b-8356-49abf2b5ee39;2026-06-14 19:28:58.563849+00
226cb60b-5f31-4555-a214-e9ca320cc838;fb4895d4-dc48-43ce-8c39-494b056ed6fb;2026-06-14 19:28:58.563849+00
226cb60b-5f31-4555-a214-e9ca320cc838;845436f5-57fa-4b5d-bfd1-56bed126748d;2026-06-14 19:28:58.563849+00
226cb60b-5f31-4555-a214-e9ca320cc838;6376cf29-7760-495b-b43e-3d933cbdca61;2026-06-14 19:28:58.563849+00
226cb60b-5f31-4555-a214-e9ca320cc838;441cca1b-a3d7-4f7c-a8ef-332b8013c454;2026-06-14 19:28:58.563849+00
226cb60b-5f31-4555-a214-e9ca320cc838;8c5d9cd5-6436-41af-a07a-80844922859d;2026-06-14 19:28:58.563849+00
226cb60b-5f31-4555-a214-e9ca320cc838;14f4b3d6-2b6c-48e7-915f-d6fa3bca9024;2026-06-14 19:28:58.563849+00
226cb60b-5f31-4555-a214-e9ca320cc838;a9fb36c3-a331-4956-a9f9-5b26ec654eb1;2026-06-14 19:28:58.563849+00
226cb60b-5f31-4555-a214-e9ca320cc838;1c88b0a0-ffd6-4d77-838e-5e1b738c8e8a;2026-06-14 19:28:58.563849+00
226cb60b-5f31-4555-a214-e9ca320cc838;8b22230b-5d83-4960-adc1-fbdd045a0bbe;2026-06-14 19:28:58.563849+00
226cb60b-5f31-4555-a214-e9ca320cc838;e4ec922f-bb8d-49f9-82cb-66ae23718ef8;2026-06-14 19:28:58.563849+00
226cb60b-5f31-4555-a214-e9ca320cc838;76beafc8-af62-4980-b3f4-9cea8b1b542b;2026-06-14 19:28:58.563849+00
226cb60b-5f31-4555-a214-e9ca320cc838;93087089-9e83-47f1-aad2-320da59b260b;2026-06-14 19:28:58.563849+00
226cb60b-5f31-4555-a214-e9ca320cc838;ddad77b6-aecb-4a81-88bb-28fc1e61694d;2026-06-14 19:28:58.563849+00
226cb60b-5f31-4555-a214-e9ca320cc838;6f216f96-0c66-4441-81a6-d97de6f672bc;2026-06-14 19:28:58.563849+00
226cb60b-5f31-4555-a214-e9ca320cc838;8160dd1e-a0f5-4fd3-b71f-7afb6bb0c507;2026-06-14 19:28:58.563849+00
226cb60b-5f31-4555-a214-e9ca320cc838;0838a31b-0502-4e9c-a0b7-af64de75bafe;2026-06-14 19:28:58.563849+00
226cb60b-5f31-4555-a214-e9ca320cc838;e85dbe9b-f55e-455a-bf76-614fefb14d36;2026-06-14 19:28:58.563849+00
226cb60b-5f31-4555-a214-e9ca320cc838;bcc25e07-d215-44cc-924c-447f4a07b785;2026-06-14 19:28:58.563849+00
226cb60b-5f31-4555-a214-e9ca320cc838;e59b2f7b-ebe9-40e8-b7ed-7ace1e5a51f7;2026-06-14 19:28:58.563849+00
226cb60b-5f31-4555-a214-e9ca320cc838;ab03c748-cff5-4cf3-9899-cb4a2f95c323;2026-06-14 19:28:58.563849+00
226cb60b-5f31-4555-a214-e9ca320cc838;595eecf1-7544-427c-bfc5-1cbe3046e51c;2026-06-14 19:28:58.563849+00
226cb60b-5f31-4555-a214-e9ca320cc838;f6b99ae3-b58c-4467-8100-a746dd46acfc;2026-06-14 19:28:58.563849+00
226cb60b-5f31-4555-a214-e9ca320cc838;a6f0fe6a-60e8-4258-a9e2-dd71f5b569d4;2026-06-14 19:28:58.563849+00
226cb60b-5f31-4555-a214-e9ca320cc838;93fdf09b-d48a-4a36-b6e1-5a0e218192db;2026-06-14 19:28:58.563849+00
226cb60b-5f31-4555-a214-e9ca320cc838;c5152ed2-4ff5-456c-adef-d2f1b2cb8324;2026-06-14 19:28:58.563849+00
226cb60b-5f31-4555-a214-e9ca320cc838;fa2522a6-240d-4637-beac-183fc9c374ae;2026-06-14 19:28:58.563849+00
226cb60b-5f31-4555-a214-e9ca320cc838;e6ed9686-4f6c-4bc7-99bc-36b5c3c00350;2026-06-14 19:28:58.563849+00
226cb60b-5f31-4555-a214-e9ca320cc838;744eabf6-6d84-49cb-87ef-3f92408457cd;2026-06-14 19:28:58.563849+00
226cb60b-5f31-4555-a214-e9ca320cc838;6672e914-f1ea-4acf-b658-e9af873d8069;2026-06-14 19:28:58.563849+00
226cb60b-5f31-4555-a214-e9ca320cc838;e7ffa3f5-d51f-4669-8a9e-cae12ab26dc7;2026-06-14 19:28:58.563849+00
226cb60b-5f31-4555-a214-e9ca320cc838;f07334db-4038-4664-9dbb-774ba833ff2c;2026-06-14 19:28:58.563849+00
226cb60b-5f31-4555-a214-e9ca320cc838;a7fd411c-c315-423e-b4ab-1e5702f9e2c9;2026-06-14 19:28:58.563849+00
226cb60b-5f31-4555-a214-e9ca320cc838;73f9c832-005e-4c8c-8ce7-7e985f96f17d;2026-06-14 19:28:58.563849+00
226cb60b-5f31-4555-a214-e9ca320cc838;10bf1e61-ca18-42d4-8c23-1ae1da618b1a;2026-06-14 19:28:58.563849+00
226cb60b-5f31-4555-a214-e9ca320cc838;5404acb0-5cdd-4487-9c0f-a56f0d628040;2026-06-14 19:28:58.563849+00
226cb60b-5f31-4555-a214-e9ca320cc838;2f9bc558-977b-414a-a4a3-55d03ff6c91a;2026-06-14 19:28:58.563849+00
226cb60b-5f31-4555-a214-e9ca320cc838;d96dc9aa-305d-4af0-9daa-16a79211174a;2026-06-14 19:28:58.563849+00
226cb60b-5f31-4555-a214-e9ca320cc838;5b98fd87-8730-4d65-ae7f-7b0e2f32d7f0;2026-06-14 19:28:58.563849+00
226cb60b-5f31-4555-a214-e9ca320cc838;1d26ac9f-9c0b-499c-9769-864ca2d5a95c;2026-06-14 19:28:58.563849+00
226cb60b-5f31-4555-a214-e9ca320cc838;8dd269a8-ef27-49e5-986b-66de6ecb848b;2026-06-14 19:28:58.563849+00
226cb60b-5f31-4555-a214-e9ca320cc838;0e90386a-61f6-4c25-b97c-331d477ece0f;2026-06-14 19:28:58.563849+00
226cb60b-5f31-4555-a214-e9ca320cc838;920c9fe4-7515-4d40-86e7-0aee347bf2ac;2026-06-14 19:28:58.563849+00
226cb60b-5f31-4555-a214-e9ca320cc838;0aa719a3-35e4-476a-8983-37d285bf6cfe;2026-06-14 19:28:58.563849+00
226cb60b-5f31-4555-a214-e9ca320cc838;e5eeef0f-f03c-44f7-afbf-0ceccc19c70c;2026-06-14 19:28:58.563849+00
226cb60b-5f31-4555-a214-e9ca320cc838;613d05d2-c205-4377-9d55-2ed5324c34c1;2026-06-14 19:28:58.563849+00
226cb60b-5f31-4555-a214-e9ca320cc838;28742c70-6ca5-483b-9ae5-cb26b11fd739;2026-06-14 19:28:58.563849+00
226cb60b-5f31-4555-a214-e9ca320cc838;8272f8e7-3577-4c6a-8346-4d425372df76;2026-06-14 19:28:58.563849+00
226cb60b-5f31-4555-a214-e9ca320cc838;bf21df83-b9eb-4d58-8f8f-588232cb1f3c;2026-06-14 19:28:58.563849+00
226cb60b-5f31-4555-a214-e9ca320cc838;757d5860-bd9d-4a60-9bb5-344253d7c60b;2026-06-14 19:28:58.563849+00
226cb60b-5f31-4555-a214-e9ca320cc838;a91627a7-45ed-4f59-9e30-e603840c99d2;2026-06-14 19:28:58.563849+00
226cb60b-5f31-4555-a214-e9ca320cc838;d2fae8c3-2fb5-4706-91f5-5ee4014c8767;2026-06-14 19:28:58.563849+00
226cb60b-5f31-4555-a214-e9ca320cc838;bc0ab6bb-1380-4dd5-a345-78e76bc4900d;2026-06-14 19:28:58.563849+00
226cb60b-5f31-4555-a214-e9ca320cc838;90337e1e-28d4-438e-bc93-337324195c2c;2026-06-14 19:28:58.563849+00
226cb60b-5f31-4555-a214-e9ca320cc838;c13bec7c-17eb-43b4-9a9a-821997a638d1;2026-06-14 19:28:58.563849+00
226cb60b-5f31-4555-a214-e9ca320cc838;daf47f1d-4aa9-4c79-9527-ad7b24733669;2026-06-14 19:28:58.563849+00
226cb60b-5f31-4555-a214-e9ca320cc838;efc554ef-c8a4-4728-9106-292f5a973ae2;2026-06-14 19:28:58.563849+00
226cb60b-5f31-4555-a214-e9ca320cc838;ff800aa3-f744-46ff-af54-41867cd2304f;2026-06-14 19:28:58.563849+00
226cb60b-5f31-4555-a214-e9ca320cc838;abb7c840-0630-4b4e-99a8-7a0518917ac3;2026-06-14 19:28:58.563849+00
226cb60b-5f31-4555-a214-e9ca320cc838;51fed1fe-edf1-493a-af02-a4a769fab78b;2026-06-14 19:28:58.563849+00
226cb60b-5f31-4555-a214-e9ca320cc838;6a3f8829-047f-4fca-bc53-7f1d4ee0523e;2026-06-14 19:28:58.563849+00
226cb60b-5f31-4555-a214-e9ca320cc838;f2c223f3-0761-4489-b712-b46d5e7ef8fe;2026-06-14 19:28:58.563849+00
226cb60b-5f31-4555-a214-e9ca320cc838;0a7bccf6-65d1-4441-b4c7-2a20c35cbceb;2026-06-14 19:28:58.563849+00
226cb60b-5f31-4555-a214-e9ca320cc838;f0cce2e1-4b2f-491b-bb5d-7d03e0876330;2026-06-14 19:30:40.171863+00
226cb60b-5f31-4555-a214-e9ca320cc838;46c4c022-d0c9-4c23-b2cf-cf69fb8113ab;2026-06-14 19:30:40.171863+00
226cb60b-5f31-4555-a214-e9ca320cc838;93f0ef9d-d7b1-42b2-b163-db317ce69be3;2026-06-14 19:30:40.171863+00
226cb60b-5f31-4555-a214-e9ca320cc838;30396d90-0b14-4ecb-b892-1342810d1bd5;2026-06-14 19:30:40.171863+00
226cb60b-5f31-4555-a214-e9ca320cc838;afcd4ff2-2084-4c16-abec-d46ac79f5f79;2026-06-14 19:30:40.171863+00
226cb60b-5f31-4555-a214-e9ca320cc838;e46329a1-7372-425e-a9c0-11c0b1db4f34;2026-06-14 19:30:40.171863+00
226cb60b-5f31-4555-a214-e9ca320cc838;3445757d-54ff-4d33-8bab-3bab694285c1;2026-06-14 19:30:40.171863+00
226cb60b-5f31-4555-a214-e9ca320cc838;e31eb72e-7c2c-4081-9b93-75b121c322c6;2026-06-14 19:30:40.171863+00
226cb60b-5f31-4555-a214-e9ca320cc838;70181b45-bdb5-4589-b4d0-eaaced2881e7;2026-06-14 19:30:40.171863+00
226cb60b-5f31-4555-a214-e9ca320cc838;4f00e15b-3236-4956-ac56-9852c3571b72;2026-06-14 19:30:40.171863+00
1bdd87c7-3ac8-49a1-ad14-f8673d6b1217;30396d90-0b14-4ecb-b892-1342810d1bd5;2026-06-16 11:53:20.797964+00
1bdd87c7-3ac8-49a1-ad14-f8673d6b1217;93f0ef9d-d7b1-42b2-b163-db317ce69be3;2026-06-16 11:53:20.797964+00
1bdd87c7-3ac8-49a1-ad14-f8673d6b1217;afcd4ff2-2084-4c16-abec-d46ac79f5f79;2026-06-16 11:53:20.797964+00
1bdd87c7-3ac8-49a1-ad14-f8673d6b1217;46c4c022-d0c9-4c23-b2cf-cf69fb8113ab;2026-06-16 11:53:20.797964+00
1bdd87c7-3ac8-49a1-ad14-f8673d6b1217;f0cce2e1-4b2f-491b-bb5d-7d03e0876330;2026-06-16 11:53:20.797964+00
1bdd87c7-3ac8-49a1-ad14-f8673d6b1217;e46329a1-7372-425e-a9c0-11c0b1db4f34;2026-06-16 11:53:20.797964+00
1bdd87c7-3ac8-49a1-ad14-f8673d6b1217;d38ff05d-7b9e-4a1a-8e61-4df10063b621;2026-06-16 11:53:20.797964+00
1bdd87c7-3ac8-49a1-ad14-f8673d6b1217;3445757d-54ff-4d33-8bab-3bab694285c1;2026-06-16 11:53:20.797964+00
1bdd87c7-3ac8-49a1-ad14-f8673d6b1217;73bf112e-ab6f-471e-8f15-7a5554c1abe8;2026-06-16 11:53:20.797964+00
1bdd87c7-3ac8-49a1-ad14-f8673d6b1217;85fafa41-2f3b-42b5-bb45-0693cdc35317;2026-06-16 11:53:20.797964+00
1bdd87c7-3ac8-49a1-ad14-f8673d6b1217;e31eb72e-7c2c-4081-9b93-75b121c322c6;2026-06-16 11:53:20.797964+00
1bdd87c7-3ac8-49a1-ad14-f8673d6b1217;70181b45-bdb5-4589-b4d0-eaaced2881e7;2026-06-16 11:53:20.797964+00
1bdd87c7-3ac8-49a1-ad14-f8673d6b1217;4f00e15b-3236-4956-ac56-9852c3571b72;2026-06-16 11:53:20.797964+00
1bdd87c7-3ac8-49a1-ad14-f8673d6b1217;9f63a60c-8762-4501-8709-cb7dd9839395;2026-06-16 11:53:20.797964+00
1bdd87c7-3ac8-49a1-ad14-f8673d6b1217;106966a8-49da-4979-8128-cac4c3f18717;2026-06-16 11:53:20.797964+00
1bdd87c7-3ac8-49a1-ad14-f8673d6b1217;b8fd821c-6f60-45de-a566-7bbcaf751840;2026-06-16 11:53:20.797964+00
1bdd87c7-3ac8-49a1-ad14-f8673d6b1217;7d327e62-d2fd-4e0f-b568-1cedddd6d844;2026-06-16 11:53:20.797964+00
1bdd87c7-3ac8-49a1-ad14-f8673d6b1217;5470ed47-a479-458f-ba1f-a484eed07966;2026-06-16 11:53:20.797964+00
1bdd87c7-3ac8-49a1-ad14-f8673d6b1217;c6d1efa2-3b4c-49c3-9303-ef6ec6ad6844;2026-06-16 11:53:20.797964+00
1bdd87c7-3ac8-49a1-ad14-f8673d6b1217;22ae45d8-1655-4823-9888-03033f6809c5;2026-06-16 11:53:20.797964+00
1bdd87c7-3ac8-49a1-ad14-f8673d6b1217;6aa1e8fb-8206-4950-a17a-a6e4620976ee;2026-06-16 11:53:20.797964+00
1bdd87c7-3ac8-49a1-ad14-f8673d6b1217;fb1cd4e3-6cd7-4644-b57e-1944a9f9184e;2026-06-16 11:53:20.797964+00
1bdd87c7-3ac8-49a1-ad14-f8673d6b1217;f6db402f-ed5a-4a49-b6db-04a165963e80;2026-06-16 11:53:20.797964+00
1bdd87c7-3ac8-49a1-ad14-f8673d6b1217;f35b4ae7-b2d9-44d0-946d-1f4bf45f5cfa;2026-06-16 11:53:20.797964+00
1bdd87c7-3ac8-49a1-ad14-f8673d6b1217;948899bb-83cb-414e-adba-61737b74a49f;2026-06-16 11:53:20.797964+00
1bdd87c7-3ac8-49a1-ad14-f8673d6b1217;7110aa2b-a39d-430c-8379-0fe623286daa;2026-06-16 11:53:20.797964+00
1bdd87c7-3ac8-49a1-ad14-f8673d6b1217;f95b14ba-dc32-4249-9f48-b3ee66601fd0;2026-06-16 11:53:20.797964+00
1bdd87c7-3ac8-49a1-ad14-f8673d6b1217;cd662b1a-9a15-48a3-b812-3fdbcd5fa476;2026-06-16 11:53:20.797964+00
1bdd87c7-3ac8-49a1-ad14-f8673d6b1217;89177532-0d58-4699-a276-ef5893c65621;2026-06-16 11:53:20.797964+00
1bdd87c7-3ac8-49a1-ad14-f8673d6b1217;69b6cd8e-39dd-4ed0-b0fd-78f189220a2e;2026-06-16 11:53:20.797964+00
1bdd87c7-3ac8-49a1-ad14-f8673d6b1217;f1d7fcc2-4e1e-4324-9e3c-044a62e65f38;2026-06-16 11:53:20.797964+00
1bdd87c7-3ac8-49a1-ad14-f8673d6b1217;f93a14b8-5665-4fb5-9239-676f10b932d8;2026-06-16 11:53:20.797964+00
1bdd87c7-3ac8-49a1-ad14-f8673d6b1217;db344374-c27c-4045-85e3-5ed526e1af5a;2026-06-16 11:53:20.797964+00
1bdd87c7-3ac8-49a1-ad14-f8673d6b1217;0bb01b55-f710-4771-a150-8681f2ecf0bb;2026-06-16 11:53:20.797964+00
1bdd87c7-3ac8-49a1-ad14-f8673d6b1217;5349fb24-871f-47a2-a28e-43d3d6b3b36e;2026-06-16 11:53:20.797964+00
1bdd87c7-3ac8-49a1-ad14-f8673d6b1217;a2f94981-c6eb-4a31-8b00-84cbb4253375;2026-06-16 11:53:20.797964+00
1bdd87c7-3ac8-49a1-ad14-f8673d6b1217;15a199a9-aded-4e8d-9bbc-6c680d62c846;2026-06-16 11:53:20.797964+00
1bdd87c7-3ac8-49a1-ad14-f8673d6b1217;18805762-5a95-473d-9ddf-9fe2ed3316dc;2026-06-16 11:53:20.797964+00
1bdd87c7-3ac8-49a1-ad14-f8673d6b1217;5da27ea6-d15e-4c8c-9b5d-821424f7f00a;2026-06-16 11:53:20.797964+00
1bdd87c7-3ac8-49a1-ad14-f8673d6b1217;ca79c399-e8c9-40e5-be3f-8f76c10db449;2026-06-16 11:53:20.797964+00
1bdd87c7-3ac8-49a1-ad14-f8673d6b1217;410b0975-9e39-4973-895e-c791de9a784d;2026-06-16 11:53:20.797964+00
1bdd87c7-3ac8-49a1-ad14-f8673d6b1217;91db106f-8900-4e6a-ac2b-f4dc60637c5c;2026-06-16 11:53:20.797964+00
1bdd87c7-3ac8-49a1-ad14-f8673d6b1217;ad707edd-529a-4ea0-bd66-87a01fb31e3d;2026-06-16 11:53:20.797964+00
1bdd87c7-3ac8-49a1-ad14-f8673d6b1217;e3d7532d-ff3c-4b0e-a4a8-357a3fe0b9c7;2026-06-16 11:53:20.797964+00
1bdd87c7-3ac8-49a1-ad14-f8673d6b1217;75de94b5-df81-4e93-b874-c6369e010f28;2026-06-16 11:53:20.797964+00
1bdd87c7-3ac8-49a1-ad14-f8673d6b1217;78d8a327-e828-4721-a29c-2fae0e11fa04;2026-06-16 11:53:20.797964+00
1bdd87c7-3ac8-49a1-ad14-f8673d6b1217;cdd22065-ff0d-42d2-955c-42254021bb0e;2026-06-16 11:53:20.797964+00
1bdd87c7-3ac8-49a1-ad14-f8673d6b1217;68bdd512-84b1-469b-adb7-47106d1a63a2;2026-06-16 11:53:20.797964+00
1bdd87c7-3ac8-49a1-ad14-f8673d6b1217;9d07cf50-6213-4904-9219-1c9efe063cfd;2026-06-16 11:53:20.797964+00
1bdd87c7-3ac8-49a1-ad14-f8673d6b1217;b16cac15-576c-451e-ac11-3ce8f58a2b20;2026-06-16 11:53:20.797964+00
1bdd87c7-3ac8-49a1-ad14-f8673d6b1217;1e9e3af8-ba98-4e77-9d74-ce613ebd0e81;2026-06-16 11:53:20.797964+00
1bdd87c7-3ac8-49a1-ad14-f8673d6b1217;ba2de7e7-6233-440b-854f-7966e11aeebd;2026-06-16 11:53:20.797964+00
1bdd87c7-3ac8-49a1-ad14-f8673d6b1217;18086caa-1d3f-4ea1-8081-a0838179b2ad;2026-06-16 11:53:20.797964+00
1bdd87c7-3ac8-49a1-ad14-f8673d6b1217;aea2e884-6c2b-4cbb-86ce-8c39f9d58bd0;2026-06-16 11:53:20.797964+00
1bdd87c7-3ac8-49a1-ad14-f8673d6b1217;9f0de231-1bd1-4c3e-a42e-5406a4eb0adb;2026-06-16 11:53:20.797964+00
1bdd87c7-3ac8-49a1-ad14-f8673d6b1217;1b1e865c-279a-466a-801a-5938a016384d;2026-06-16 11:53:20.797964+00
1bdd87c7-3ac8-49a1-ad14-f8673d6b1217;6ea05744-17a7-4c1d-85f5-0b44beefc1d4;2026-06-16 11:53:20.797964+00
1bdd87c7-3ac8-49a1-ad14-f8673d6b1217;f8829010-faf1-4a5c-9150-fa4f7cd28b9b;2026-06-16 11:53:20.797964+00
1bdd87c7-3ac8-49a1-ad14-f8673d6b1217;21b8bf2d-6bfc-4ff4-b935-3f5e516a8fe6;2026-06-16 11:53:20.797964+00
1bdd87c7-3ac8-49a1-ad14-f8673d6b1217;2eb9a1b7-898c-45b4-83f1-ee6b3de0b3f4;2026-06-16 11:53:20.797964+00
1bdd87c7-3ac8-49a1-ad14-f8673d6b1217;7360ef3f-b89b-4778-9c9a-986702a417c9;2026-06-16 11:53:20.797964+00
1bdd87c7-3ac8-49a1-ad14-f8673d6b1217;5d209cf6-416e-47c4-b81d-aa6c708d39dd;2026-06-16 11:53:20.797964+00
1bdd87c7-3ac8-49a1-ad14-f8673d6b1217;ab3489f0-b455-473d-a8b6-3ada820a13a7;2026-06-16 11:53:20.797964+00
1bdd87c7-3ac8-49a1-ad14-f8673d6b1217;c4779b9c-cb07-4071-9d2e-7e41ab652beb;2026-06-16 11:53:20.797964+00
1bdd87c7-3ac8-49a1-ad14-f8673d6b1217;d99e95bb-cd25-4002-9d29-9bd1284debdc;2026-06-16 11:53:20.797964+00
1bdd87c7-3ac8-49a1-ad14-f8673d6b1217;4d0b215b-787c-48b3-8fb7-b022436deff3;2026-06-16 11:53:20.797964+00
1bdd87c7-3ac8-49a1-ad14-f8673d6b1217;c2fc3ee1-9b39-4527-8cde-31cf4728aa81;2026-06-16 11:53:20.797964+00
1bdd87c7-3ac8-49a1-ad14-f8673d6b1217;a4699384-cfeb-4b2e-aa98-f0d45cfab41e;2026-06-16 11:53:20.797964+00
1bdd87c7-3ac8-49a1-ad14-f8673d6b1217;23c6f35a-d1d3-43d6-90d1-331bdee2aec9;2026-06-16 11:53:20.797964+00
1bdd87c7-3ac8-49a1-ad14-f8673d6b1217;60259ee8-fc6f-4bfb-9701-e2f981dc5273;2026-06-16 11:53:20.797964+00
1bdd87c7-3ac8-49a1-ad14-f8673d6b1217;778578b5-8979-4f0e-b208-2f7825a54d09;2026-06-16 11:53:20.797964+00
1bdd87c7-3ac8-49a1-ad14-f8673d6b1217;14728fc0-a0aa-48d7-a116-f66020683dab;2026-06-16 11:53:20.797964+00
1bdd87c7-3ac8-49a1-ad14-f8673d6b1217;16e60115-4f7d-475a-86c4-726b235ff0c7;2026-06-16 11:53:20.797964+00
1bdd87c7-3ac8-49a1-ad14-f8673d6b1217;c0e4444d-5fa4-4d5c-92c1-805d1555abce;2026-06-16 11:53:20.797964+00
1bdd87c7-3ac8-49a1-ad14-f8673d6b1217;46e9ce43-a3c3-4210-932d-603657be508e;2026-06-16 11:53:20.797964+00
1bdd87c7-3ac8-49a1-ad14-f8673d6b1217;c8141797-f933-4874-95e5-e84ddd433522;2026-06-16 11:53:20.797964+00
1bdd87c7-3ac8-49a1-ad14-f8673d6b1217;262b3297-9b51-40c7-ad78-3b116beabe21;2026-06-16 11:53:20.797964+00
1bdd87c7-3ac8-49a1-ad14-f8673d6b1217;a6a1d8cd-4977-4926-a93c-4f853a312a69;2026-06-16 11:53:20.797964+00
1bdd87c7-3ac8-49a1-ad14-f8673d6b1217;10e1228e-3262-4373-b031-64d02ec02f71;2026-06-16 11:53:20.797964+00
1bdd87c7-3ac8-49a1-ad14-f8673d6b1217;7f418b61-a656-46b7-a1b0-1a859eece0e7;2026-06-16 11:53:20.797964+00
1bdd87c7-3ac8-49a1-ad14-f8673d6b1217;ce36c77c-578f-4eaf-83bc-8f825f248bbe;2026-06-16 11:53:20.797964+00
1bdd87c7-3ac8-49a1-ad14-f8673d6b1217;b16e865e-e820-42ad-9f9c-c5baf85fddac;2026-06-16 11:53:20.797964+00
1bdd87c7-3ac8-49a1-ad14-f8673d6b1217;269cbe64-063d-46d8-9edc-21c1d29fb75d;2026-06-16 11:53:20.797964+00
1bdd87c7-3ac8-49a1-ad14-f8673d6b1217;1ea16614-469d-49b3-b6ac-b23d20b99dff;2026-06-16 11:53:20.797964+00
1bdd87c7-3ac8-49a1-ad14-f8673d6b1217;51e15f32-4adc-4c15-bb0f-53b9946fe556;2026-06-16 11:53:20.797964+00
1bdd87c7-3ac8-49a1-ad14-f8673d6b1217;8f5abff7-05e1-4dcf-934f-a427303ba0a1;2026-06-16 11:53:20.797964+00
1bdd87c7-3ac8-49a1-ad14-f8673d6b1217;7f37ce55-bfa0-45bc-b17e-9b1e60103d2c;2026-06-16 11:53:20.797964+00
1bdd87c7-3ac8-49a1-ad14-f8673d6b1217;c65a2449-ff1b-4da4-b778-87fbe6418e1b;2026-06-16 11:53:20.797964+00
1bdd87c7-3ac8-49a1-ad14-f8673d6b1217;a1523ca7-0db0-46f3-91aa-c132dfb2821d;2026-06-16 11:53:20.797964+00
1bdd87c7-3ac8-49a1-ad14-f8673d6b1217;5a76f6e0-185f-44fa-bddd-0d69fc68201b;2026-06-16 11:53:20.797964+00
1bdd87c7-3ac8-49a1-ad14-f8673d6b1217;d3cd1d01-3c6d-4ee3-98ea-d05c4b283fd5;2026-06-16 11:53:20.797964+00
1bdd87c7-3ac8-49a1-ad14-f8673d6b1217;ff11fabc-ff14-4e11-9f9e-e9fd4198e31b;2026-06-16 11:53:20.797964+00
1bdd87c7-3ac8-49a1-ad14-f8673d6b1217;d61320bc-4a53-428c-9aab-d830637a264e;2026-06-16 11:53:20.797964+00
1bdd87c7-3ac8-49a1-ad14-f8673d6b1217;bda2094d-6587-41da-991b-a600be125ead;2026-06-16 11:53:20.797964+00
1bdd87c7-3ac8-49a1-ad14-f8673d6b1217;d4df8aeb-1364-41e8-b29d-871d904b61cc;2026-06-16 11:53:20.797964+00
1bdd87c7-3ac8-49a1-ad14-f8673d6b1217;6db24d02-b626-401c-afb0-fa86fa448789;2026-06-16 11:53:20.797964+00
1bdd87c7-3ac8-49a1-ad14-f8673d6b1217;cc9c3429-8d57-49ba-a659-922c24d4c9be;2026-06-16 11:53:20.797964+00
1bdd87c7-3ac8-49a1-ad14-f8673d6b1217;601b1cc3-161f-4e11-aa92-e93b42515026;2026-06-16 11:53:20.797964+00
1bdd87c7-3ac8-49a1-ad14-f8673d6b1217;ba324abb-5b67-46fd-bce4-5401de6b6528;2026-06-16 11:53:20.797964+00
1bdd87c7-3ac8-49a1-ad14-f8673d6b1217;476cf114-d7a2-4171-8700-911a79d8df1b;2026-06-16 11:53:20.797964+00
1bdd87c7-3ac8-49a1-ad14-f8673d6b1217;7b049f62-6fe2-4662-89d5-1abdd5c3f040;2026-06-16 11:53:20.797964+00
1bdd87c7-3ac8-49a1-ad14-f8673d6b1217;647e138d-b07b-44d5-933f-344b13c507c1;2026-06-16 11:53:20.797964+00
1bdd87c7-3ac8-49a1-ad14-f8673d6b1217;d3279dd4-d7bc-4ee2-aea6-a321ebeb4575;2026-06-16 11:53:20.797964+00
1bdd87c7-3ac8-49a1-ad14-f8673d6b1217;e8600cba-0f7e-479b-b4c0-60e77c4c7e7f;2026-06-16 11:53:20.797964+00
1bdd87c7-3ac8-49a1-ad14-f8673d6b1217;67cdc95c-b237-4cd9-953d-9ca6a010e082;2026-06-16 11:53:20.797964+00
1bdd87c7-3ac8-49a1-ad14-f8673d6b1217;d82cd48f-7d9c-49da-8f63-de8da2669799;2026-06-16 11:53:20.797964+00
1bdd87c7-3ac8-49a1-ad14-f8673d6b1217;a539fc6c-41be-422a-ae21-57ea95047ce2;2026-06-16 11:53:20.797964+00
1bdd87c7-3ac8-49a1-ad14-f8673d6b1217;b610d6f0-9ebe-4400-a61b-e3af0a19a296;2026-06-16 11:53:20.797964+00
1bdd87c7-3ac8-49a1-ad14-f8673d6b1217;383a43b3-0021-46ea-b6fc-1d2badd745a2;2026-06-16 11:53:20.797964+00
1bdd87c7-3ac8-49a1-ad14-f8673d6b1217;ad90a7e1-b20b-455c-af5a-1f7611fd4c8e;2026-06-16 11:53:20.797964+00
1bdd87c7-3ac8-49a1-ad14-f8673d6b1217;aa35b6a2-4e49-4993-b986-4f721b6c4cc8;2026-06-16 11:53:20.797964+00
1bdd87c7-3ac8-49a1-ad14-f8673d6b1217;1dc024fd-cb1f-4dff-b323-6b9de1780089;2026-06-16 11:53:20.797964+00
1bdd87c7-3ac8-49a1-ad14-f8673d6b1217;99e82a00-df9d-4962-90d5-146c76e3b9e0;2026-06-16 11:53:20.797964+00
1bdd87c7-3ac8-49a1-ad14-f8673d6b1217;fe2c1f3d-ac22-468f-a172-c62b9171ee25;2026-06-16 11:53:20.797964+00
1bdd87c7-3ac8-49a1-ad14-f8673d6b1217;bf0cd209-8e1b-45e3-907c-ef17c4a13484;2026-06-16 11:53:20.797964+00
1bdd87c7-3ac8-49a1-ad14-f8673d6b1217;c445dcb1-a250-45f5-a855-d1e5e5444eb1;2026-06-16 11:53:20.797964+00
1bdd87c7-3ac8-49a1-ad14-f8673d6b1217;12dac5d7-d8ec-4268-91c6-00e7148fe68f;2026-06-16 11:53:20.797964+00
1bdd87c7-3ac8-49a1-ad14-f8673d6b1217;dd55ae64-576e-41e1-9138-b9b9276079ec;2026-06-16 11:53:20.797964+00
1bdd87c7-3ac8-49a1-ad14-f8673d6b1217;3c8a1751-9722-49c3-a13d-cad4627550a5;2026-06-16 11:53:20.797964+00
1bdd87c7-3ac8-49a1-ad14-f8673d6b1217;c5d4010a-ff04-4193-9496-e31b440201f1;2026-06-16 11:53:20.797964+00
1bdd87c7-3ac8-49a1-ad14-f8673d6b1217;8ad44c7d-0efd-42ce-b2c3-589e6e848c96;2026-06-16 11:53:20.797964+00
1bdd87c7-3ac8-49a1-ad14-f8673d6b1217;2f3630a8-dacd-485d-b5ad-73bd8829444e;2026-06-16 11:53:20.797964+00
1bdd87c7-3ac8-49a1-ad14-f8673d6b1217;68b96824-386b-4297-9497-4924f9b03fae;2026-06-16 11:53:20.797964+00
1bdd87c7-3ac8-49a1-ad14-f8673d6b1217;260f9e2d-20c9-4c43-a58a-57899cc4b015;2026-06-16 11:53:20.797964+00
1bdd87c7-3ac8-49a1-ad14-f8673d6b1217;11d7dc87-7241-4dd3-8339-030745f45895;2026-06-16 11:53:20.797964+00
1bdd87c7-3ac8-49a1-ad14-f8673d6b1217;eece6519-1011-434f-8c39-1968a6a7a910;2026-06-16 11:53:20.797964+00
1bdd87c7-3ac8-49a1-ad14-f8673d6b1217;b44f61e2-f88e-48c1-a87d-2dcbf8e8ee0e;2026-06-16 11:53:20.797964+00
1bdd87c7-3ac8-49a1-ad14-f8673d6b1217;ec54b03b-4764-4ccd-90a1-6f9f62812b10;2026-06-16 11:53:20.797964+00
1bdd87c7-3ac8-49a1-ad14-f8673d6b1217;de2a3ebb-5505-4190-9d05-3689dfb41d76;2026-06-16 11:53:20.797964+00
1bdd87c7-3ac8-49a1-ad14-f8673d6b1217;98a4bd87-ee94-447c-9b10-d80dac802e73;2026-06-16 11:53:20.797964+00
1bdd87c7-3ac8-49a1-ad14-f8673d6b1217;c6f2107e-1d7a-4e60-8b6c-ca2f884b4a09;2026-06-16 11:53:20.797964+00
1bdd87c7-3ac8-49a1-ad14-f8673d6b1217;b21bb80a-eab4-40fd-9fb7-df8705b0b4af;2026-06-16 11:53:20.797964+00
1bdd87c7-3ac8-49a1-ad14-f8673d6b1217;bda137f3-fefa-4fdb-9b41-ecb86e472f12;2026-06-16 11:53:20.797964+00
1bdd87c7-3ac8-49a1-ad14-f8673d6b1217;b9294ac3-f6e2-47d6-a49b-e0dc7bdb0ba8;2026-06-16 11:53:20.797964+00
1bdd87c7-3ac8-49a1-ad14-f8673d6b1217;06f0838b-c8f0-4b69-801f-79352f6cc2ef;2026-06-16 11:53:20.797964+00
1bdd87c7-3ac8-49a1-ad14-f8673d6b1217;5752326b-5a10-4562-87bb-4ea595663f04;2026-06-16 11:53:20.797964+00
1bdd87c7-3ac8-49a1-ad14-f8673d6b1217;7871e200-2929-4894-910f-a51e1c1eb977;2026-06-16 11:53:20.797964+00
1bdd87c7-3ac8-49a1-ad14-f8673d6b1217;f7437555-d3cb-4e14-8a62-f4e3d02e9504;2026-06-16 11:53:20.797964+00
1bdd87c7-3ac8-49a1-ad14-f8673d6b1217;1a383914-dc8a-4176-8f64-9d58d8eaad48;2026-06-16 11:53:20.797964+00
1bdd87c7-3ac8-49a1-ad14-f8673d6b1217;9aca759a-a7b3-4723-8f17-f4ace2106c8f;2026-06-16 11:53:20.797964+00
1bdd87c7-3ac8-49a1-ad14-f8673d6b1217;b4dec554-e6c4-49bb-a343-e0fa0fd108a2;2026-06-16 11:53:20.797964+00
1bdd87c7-3ac8-49a1-ad14-f8673d6b1217;73add451-4eaf-419d-94f4-845335e81988;2026-06-16 11:53:20.797964+00
1bdd87c7-3ac8-49a1-ad14-f8673d6b1217;a0275be5-665c-4eaa-925e-9eabff53fbb7;2026-06-16 11:53:20.797964+00
1bdd87c7-3ac8-49a1-ad14-f8673d6b1217;c2b55b70-337e-42a7-825d-4f5c15073811;2026-06-16 11:53:20.797964+00
1bdd87c7-3ac8-49a1-ad14-f8673d6b1217;89b781a7-abd4-4d0f-9a29-e27d7984922e;2026-06-16 11:53:20.797964+00
1bdd87c7-3ac8-49a1-ad14-f8673d6b1217;fdd266b0-880f-40da-b8e9-6f11dc2338aa;2026-06-16 11:53:20.797964+00
1bdd87c7-3ac8-49a1-ad14-f8673d6b1217;e47eb27a-d554-4224-942f-cd3a2ab12bae;2026-06-16 11:53:20.797964+00
1bdd87c7-3ac8-49a1-ad14-f8673d6b1217;39855d66-f153-470d-bbbe-e786e4158134;2026-06-16 11:53:20.797964+00
1bdd87c7-3ac8-49a1-ad14-f8673d6b1217;a8fa911a-ce6f-481a-b616-dff4ef797877;2026-06-16 11:53:20.797964+00
1bdd87c7-3ac8-49a1-ad14-f8673d6b1217;2bf4f2ba-f7e7-40ab-a67e-be3992edb6fb;2026-06-16 11:53:20.797964+00
1bdd87c7-3ac8-49a1-ad14-f8673d6b1217;c10845a7-6e7d-4310-a77f-8fee0f9cd477;2026-06-16 11:53:20.797964+00
1bdd87c7-3ac8-49a1-ad14-f8673d6b1217;14d8201d-35a1-47d9-bb1b-207ad74adc73;2026-06-16 11:53:20.797964+00
1bdd87c7-3ac8-49a1-ad14-f8673d6b1217;b3ab131d-6852-4e63-9a97-a9e74f5720ff;2026-06-16 11:53:20.797964+00
1bdd87c7-3ac8-49a1-ad14-f8673d6b1217;8f6dc202-c309-42a5-8f96-0c794556f967;2026-06-16 11:53:20.797964+00
1bdd87c7-3ac8-49a1-ad14-f8673d6b1217;b7e2cd5c-60ef-4602-9983-04af82ac320f;2026-06-16 11:53:20.797964+00
1bdd87c7-3ac8-49a1-ad14-f8673d6b1217;9b94d632-c9b6-477f-b7ba-cbd0961a6e7f;2026-06-16 11:53:20.797964+00
1bdd87c7-3ac8-49a1-ad14-f8673d6b1217;e2384020-a845-4271-80bf-c785057fce40;2026-06-16 11:53:20.797964+00
1bdd87c7-3ac8-49a1-ad14-f8673d6b1217;6b4fe9e1-edd7-447b-af4d-91311c39edb5;2026-06-16 11:53:20.797964+00
1bdd87c7-3ac8-49a1-ad14-f8673d6b1217;2c3b5054-a262-45be-bf98-cf41ba30eac4;2026-06-16 11:53:20.797964+00
1bdd87c7-3ac8-49a1-ad14-f8673d6b1217;25453f48-dee9-4f8e-82fc-f9d65d9f2f87;2026-06-16 11:53:20.797964+00
1bdd87c7-3ac8-49a1-ad14-f8673d6b1217;0e523546-85a7-4838-a7d5-f00cc771ffbe;2026-06-16 11:53:20.797964+00
1bdd87c7-3ac8-49a1-ad14-f8673d6b1217;1b999173-ede5-4f58-980e-98d46b5c3f70;2026-06-16 11:53:20.797964+00
1bdd87c7-3ac8-49a1-ad14-f8673d6b1217;70fee934-e632-4565-bb95-fab82ad537c6;2026-06-16 11:53:20.797964+00
1bdd87c7-3ac8-49a1-ad14-f8673d6b1217;b06d4600-a403-4606-abfa-db59db70c745;2026-06-16 11:53:20.797964+00
1bdd87c7-3ac8-49a1-ad14-f8673d6b1217;70181e2e-cc6e-4006-a36f-99bfabd09157;2026-06-16 11:53:20.797964+00
1bdd87c7-3ac8-49a1-ad14-f8673d6b1217;2265ea42-268d-483b-adf7-6b22151e82ae;2026-06-16 11:53:20.797964+00
1bdd87c7-3ac8-49a1-ad14-f8673d6b1217;bf2cd794-4d0c-4003-9b91-12ff8dfe0d1b;2026-06-16 11:53:20.797964+00
1bdd87c7-3ac8-49a1-ad14-f8673d6b1217;fca45e68-0f80-4b5c-af36-52d8a9b35bc9;2026-06-16 11:53:20.797964+00
1bdd87c7-3ac8-49a1-ad14-f8673d6b1217;69c23294-cb25-4412-b423-a6f8150a7c0f;2026-06-16 11:53:20.797964+00
1bdd87c7-3ac8-49a1-ad14-f8673d6b1217;e9536ddd-c1d0-4486-a886-78828d54995b;2026-06-16 11:53:20.797964+00
1bdd87c7-3ac8-49a1-ad14-f8673d6b1217;66fb1b2e-123f-4b24-b7e4-606dd64f5ea8;2026-06-16 11:53:20.797964+00
1bdd87c7-3ac8-49a1-ad14-f8673d6b1217;d4d1474b-a02f-4a3b-a691-68523b8d0856;2026-06-16 11:53:20.797964+00
1bdd87c7-3ac8-49a1-ad14-f8673d6b1217;f824382b-d217-452e-85c1-b883c236f97b;2026-06-16 11:53:20.797964+00
1bdd87c7-3ac8-49a1-ad14-f8673d6b1217;7d12754a-0665-4bf1-9306-2ea500e4fa92;2026-06-16 11:53:20.797964+00
1bdd87c7-3ac8-49a1-ad14-f8673d6b1217;77935894-1428-4fe3-be63-8b0f46a895c0;2026-06-16 11:53:20.797964+00
1bdd87c7-3ac8-49a1-ad14-f8673d6b1217;76a8e73f-48f3-46ef-adb4-9060c2cf7f3b;2026-06-16 11:53:20.797964+00
1bdd87c7-3ac8-49a1-ad14-f8673d6b1217;93f30f04-d185-4a3a-a042-66f39279b226;2026-06-16 11:53:20.797964+00
1bdd87c7-3ac8-49a1-ad14-f8673d6b1217;a1c0d2c6-6712-4314-a2bb-a7fd7ffea6da;2026-06-16 11:53:20.797964+00
1bdd87c7-3ac8-49a1-ad14-f8673d6b1217;cfbe7410-c7d3-48bd-8d6f-f4c1b5122218;2026-06-16 11:53:20.797964+00
1bdd87c7-3ac8-49a1-ad14-f8673d6b1217;c601abb0-74f7-42da-81eb-0093c9f246bb;2026-06-16 11:53:20.797964+00
1bdd87c7-3ac8-49a1-ad14-f8673d6b1217;caa0dfd6-d59f-470f-a998-dff326434652;2026-06-16 11:53:20.797964+00
1bdd87c7-3ac8-49a1-ad14-f8673d6b1217;96d3bd65-ed21-4935-8283-60c8ef21455b;2026-06-16 11:53:20.797964+00
1bdd87c7-3ac8-49a1-ad14-f8673d6b1217;8fbd5cac-d353-47e4-9822-a0e6369f7abb;2026-06-16 11:53:20.797964+00
1bdd87c7-3ac8-49a1-ad14-f8673d6b1217;5210af95-ddfc-4b00-886d-7f3c60896b09;2026-06-16 11:53:20.797964+00
1bdd87c7-3ac8-49a1-ad14-f8673d6b1217;845004ae-012f-45aa-8b12-409d03511d4d;2026-06-16 11:53:20.797964+00
1bdd87c7-3ac8-49a1-ad14-f8673d6b1217;b867e606-72a4-47df-91f4-0ad289b1a97f;2026-06-16 11:53:20.797964+00
1bdd87c7-3ac8-49a1-ad14-f8673d6b1217;90415b7b-0f41-4b47-8389-f5a7a7357bcf;2026-06-16 11:53:20.797964+00
1bdd87c7-3ac8-49a1-ad14-f8673d6b1217;d055b6fb-8089-4e19-9361-4fdf63dea8e0;2026-06-16 11:53:20.797964+00
1bdd87c7-3ac8-49a1-ad14-f8673d6b1217;5d4aa793-25fb-46fb-97ca-609db5b6b52e;2026-06-16 11:53:20.797964+00
1bdd87c7-3ac8-49a1-ad14-f8673d6b1217;991b3602-1797-4810-bd5a-6dbcacd0b14e;2026-06-16 11:53:20.797964+00
1bdd87c7-3ac8-49a1-ad14-f8673d6b1217;f4e4c1ac-a1bf-42fd-9f98-a467bec98631;2026-06-16 11:53:20.797964+00
1bdd87c7-3ac8-49a1-ad14-f8673d6b1217;d7c11f17-b321-4975-a16e-1e9078d7c982;2026-06-16 11:53:20.797964+00
1bdd87c7-3ac8-49a1-ad14-f8673d6b1217;c59470f5-35d4-4eb9-bae3-79f0b80ba192;2026-06-16 11:53:20.797964+00
1bdd87c7-3ac8-49a1-ad14-f8673d6b1217;a44c5ce8-678f-4537-b690-395eaea612b2;2026-06-16 11:53:20.797964+00
1bdd87c7-3ac8-49a1-ad14-f8673d6b1217;994d2491-36b2-4e6e-bc0e-a897bf6fbec1;2026-06-16 11:53:20.797964+00
1bdd87c7-3ac8-49a1-ad14-f8673d6b1217;989c33a0-a107-40f2-8cf5-f55ac5b5a1f0;2026-06-16 11:53:20.797964+00
1bdd87c7-3ac8-49a1-ad14-f8673d6b1217;0fb26968-0f4a-419b-8356-49abf2b5ee39;2026-06-16 11:53:20.797964+00
1bdd87c7-3ac8-49a1-ad14-f8673d6b1217;98919b2e-5c97-484c-90d5-69e0bd22f572;2026-06-16 11:53:20.797964+00
1bdd87c7-3ac8-49a1-ad14-f8673d6b1217;fb4895d4-dc48-43ce-8c39-494b056ed6fb;2026-06-16 11:53:20.797964+00
1bdd87c7-3ac8-49a1-ad14-f8673d6b1217;845436f5-57fa-4b5d-bfd1-56bed126748d;2026-06-16 11:53:20.797964+00
1bdd87c7-3ac8-49a1-ad14-f8673d6b1217;6376cf29-7760-495b-b43e-3d933cbdca61;2026-06-16 11:53:20.797964+00
1bdd87c7-3ac8-49a1-ad14-f8673d6b1217;441cca1b-a3d7-4f7c-a8ef-332b8013c454;2026-06-16 11:53:20.797964+00
1bdd87c7-3ac8-49a1-ad14-f8673d6b1217;8c5d9cd5-6436-41af-a07a-80844922859d;2026-06-16 11:53:20.797964+00
1bdd87c7-3ac8-49a1-ad14-f8673d6b1217;14f4b3d6-2b6c-48e7-915f-d6fa3bca9024;2026-06-16 11:53:20.797964+00
1bdd87c7-3ac8-49a1-ad14-f8673d6b1217;a9fb36c3-a331-4956-a9f9-5b26ec654eb1;2026-06-16 11:53:20.797964+00
1bdd87c7-3ac8-49a1-ad14-f8673d6b1217;1c88b0a0-ffd6-4d77-838e-5e1b738c8e8a;2026-06-16 11:53:20.797964+00
1bdd87c7-3ac8-49a1-ad14-f8673d6b1217;8b22230b-5d83-4960-adc1-fbdd045a0bbe;2026-06-16 11:53:20.797964+00
1bdd87c7-3ac8-49a1-ad14-f8673d6b1217;e4ec922f-bb8d-49f9-82cb-66ae23718ef8;2026-06-16 11:53:20.797964+00
1bdd87c7-3ac8-49a1-ad14-f8673d6b1217;76beafc8-af62-4980-b3f4-9cea8b1b542b;2026-06-16 11:53:20.797964+00
1bdd87c7-3ac8-49a1-ad14-f8673d6b1217;7bdf2a71-6a63-46f1-abb9-8f701902897d;2026-06-16 11:53:20.797964+00
1bdd87c7-3ac8-49a1-ad14-f8673d6b1217;93087089-9e83-47f1-aad2-320da59b260b;2026-06-16 11:53:20.797964+00
1bdd87c7-3ac8-49a1-ad14-f8673d6b1217;4408cb67-7221-4bc5-a19d-adc9bff27ccb;2026-06-16 11:53:20.797964+00
1bdd87c7-3ac8-49a1-ad14-f8673d6b1217;ddad77b6-aecb-4a81-88bb-28fc1e61694d;2026-06-16 11:53:20.797964+00
1bdd87c7-3ac8-49a1-ad14-f8673d6b1217;6f216f96-0c66-4441-81a6-d97de6f672bc;2026-06-16 11:53:20.797964+00
1bdd87c7-3ac8-49a1-ad14-f8673d6b1217;8160dd1e-a0f5-4fd3-b71f-7afb6bb0c507;2026-06-16 11:53:20.797964+00
1bdd87c7-3ac8-49a1-ad14-f8673d6b1217;0838a31b-0502-4e9c-a0b7-af64de75bafe;2026-06-16 11:53:20.797964+00
1bdd87c7-3ac8-49a1-ad14-f8673d6b1217;e85dbe9b-f55e-455a-bf76-614fefb14d36;2026-06-16 11:53:20.797964+00
1bdd87c7-3ac8-49a1-ad14-f8673d6b1217;bcc25e07-d215-44cc-924c-447f4a07b785;2026-06-16 11:53:20.797964+00
1bdd87c7-3ac8-49a1-ad14-f8673d6b1217;e59b2f7b-ebe9-40e8-b7ed-7ace1e5a51f7;2026-06-16 11:53:20.797964+00
1bdd87c7-3ac8-49a1-ad14-f8673d6b1217;ab03c748-cff5-4cf3-9899-cb4a2f95c323;2026-06-16 11:53:20.797964+00
1bdd87c7-3ac8-49a1-ad14-f8673d6b1217;595eecf1-7544-427c-bfc5-1cbe3046e51c;2026-06-16 11:53:20.797964+00
1bdd87c7-3ac8-49a1-ad14-f8673d6b1217;f6b99ae3-b58c-4467-8100-a746dd46acfc;2026-06-16 11:53:20.797964+00
1bdd87c7-3ac8-49a1-ad14-f8673d6b1217;a6f0fe6a-60e8-4258-a9e2-dd71f5b569d4;2026-06-16 11:53:20.797964+00
1bdd87c7-3ac8-49a1-ad14-f8673d6b1217;93fdf09b-d48a-4a36-b6e1-5a0e218192db;2026-06-16 11:53:20.797964+00
1bdd87c7-3ac8-49a1-ad14-f8673d6b1217;c5152ed2-4ff5-456c-adef-d2f1b2cb8324;2026-06-16 11:53:20.797964+00
1bdd87c7-3ac8-49a1-ad14-f8673d6b1217;fa2522a6-240d-4637-beac-183fc9c374ae;2026-06-16 11:53:20.797964+00
1bdd87c7-3ac8-49a1-ad14-f8673d6b1217;e6ed9686-4f6c-4bc7-99bc-36b5c3c00350;2026-06-16 11:53:20.797964+00
1bdd87c7-3ac8-49a1-ad14-f8673d6b1217;bb3e1dc3-f381-4385-b357-eb511f8a529c;2026-06-16 11:53:20.797964+00
1bdd87c7-3ac8-49a1-ad14-f8673d6b1217;744eabf6-6d84-49cb-87ef-3f92408457cd;2026-06-16 11:53:20.797964+00
1bdd87c7-3ac8-49a1-ad14-f8673d6b1217;6672e914-f1ea-4acf-b658-e9af873d8069;2026-06-16 11:53:20.797964+00
1bdd87c7-3ac8-49a1-ad14-f8673d6b1217;e7ffa3f5-d51f-4669-8a9e-cae12ab26dc7;2026-06-16 11:53:20.797964+00
1bdd87c7-3ac8-49a1-ad14-f8673d6b1217;f07334db-4038-4664-9dbb-774ba833ff2c;2026-06-16 11:53:20.797964+00
1bdd87c7-3ac8-49a1-ad14-f8673d6b1217;a7fd411c-c315-423e-b4ab-1e5702f9e2c9;2026-06-16 11:53:20.797964+00
1bdd87c7-3ac8-49a1-ad14-f8673d6b1217;73f9c832-005e-4c8c-8ce7-7e985f96f17d;2026-06-16 11:53:20.797964+00
1bdd87c7-3ac8-49a1-ad14-f8673d6b1217;10bf1e61-ca18-42d4-8c23-1ae1da618b1a;2026-06-16 11:53:20.797964+00
1bdd87c7-3ac8-49a1-ad14-f8673d6b1217;5404acb0-5cdd-4487-9c0f-a56f0d628040;2026-06-16 11:53:20.797964+00
1bdd87c7-3ac8-49a1-ad14-f8673d6b1217;2f9bc558-977b-414a-a4a3-55d03ff6c91a;2026-06-16 11:53:20.797964+00
1bdd87c7-3ac8-49a1-ad14-f8673d6b1217;d96dc9aa-305d-4af0-9daa-16a79211174a;2026-06-16 11:53:20.797964+00
1bdd87c7-3ac8-49a1-ad14-f8673d6b1217;5b98fd87-8730-4d65-ae7f-7b0e2f32d7f0;2026-06-16 11:53:20.797964+00
1bdd87c7-3ac8-49a1-ad14-f8673d6b1217;1d26ac9f-9c0b-499c-9769-864ca2d5a95c;2026-06-16 11:53:20.797964+00
1bdd87c7-3ac8-49a1-ad14-f8673d6b1217;8dd269a8-ef27-49e5-986b-66de6ecb848b;2026-06-16 11:53:20.797964+00
1bdd87c7-3ac8-49a1-ad14-f8673d6b1217;55343bda-bb58-46ce-a93a-f63578c7804e;2026-06-16 11:53:20.797964+00
1bdd87c7-3ac8-49a1-ad14-f8673d6b1217;3960c15d-64c4-4706-b0b0-717e2fda5ca0;2026-06-16 11:53:20.797964+00
1bdd87c7-3ac8-49a1-ad14-f8673d6b1217;98ba161f-5cf9-40bd-9521-282fd4dea216;2026-06-16 11:53:20.797964+00
1bdd87c7-3ac8-49a1-ad14-f8673d6b1217;8f17c075-f443-4d9b-8ab8-cd416901f9ea;2026-06-16 11:53:20.797964+00
1bdd87c7-3ac8-49a1-ad14-f8673d6b1217;0e90386a-61f6-4c25-b97c-331d477ece0f;2026-06-16 11:53:20.797964+00
1bdd87c7-3ac8-49a1-ad14-f8673d6b1217;920c9fe4-7515-4d40-86e7-0aee347bf2ac;2026-06-16 11:53:20.797964+00
1bdd87c7-3ac8-49a1-ad14-f8673d6b1217;0aa719a3-35e4-476a-8983-37d285bf6cfe;2026-06-16 11:53:20.797964+00
1bdd87c7-3ac8-49a1-ad14-f8673d6b1217;d4d302ac-ad08-4ca2-bd7b-3014c9817d0f;2026-06-16 11:53:20.797964+00
1bdd87c7-3ac8-49a1-ad14-f8673d6b1217;e5eeef0f-f03c-44f7-afbf-0ceccc19c70c;2026-06-16 11:53:20.797964+00
1bdd87c7-3ac8-49a1-ad14-f8673d6b1217;613d05d2-c205-4377-9d55-2ed5324c34c1;2026-06-16 11:53:20.797964+00
1bdd87c7-3ac8-49a1-ad14-f8673d6b1217;28742c70-6ca5-483b-9ae5-cb26b11fd739;2026-06-16 11:53:20.797964+00
1bdd87c7-3ac8-49a1-ad14-f8673d6b1217;8272f8e7-3577-4c6a-8346-4d425372df76;2026-06-16 11:53:20.797964+00
1bdd87c7-3ac8-49a1-ad14-f8673d6b1217;f457c529-2b9b-4938-ad87-b3a25a30b558;2026-06-16 11:53:20.797964+00
1bdd87c7-3ac8-49a1-ad14-f8673d6b1217;bf21df83-b9eb-4d58-8f8f-588232cb1f3c;2026-06-16 11:53:20.797964+00
1bdd87c7-3ac8-49a1-ad14-f8673d6b1217;757d5860-bd9d-4a60-9bb5-344253d7c60b;2026-06-16 11:53:20.797964+00
1bdd87c7-3ac8-49a1-ad14-f8673d6b1217;6879a798-4e1f-428a-a6e5-fb9ca8055acf;2026-06-16 11:53:20.797964+00
1bdd87c7-3ac8-49a1-ad14-f8673d6b1217;a91627a7-45ed-4f59-9e30-e603840c99d2;2026-06-16 11:53:20.797964+00
1bdd87c7-3ac8-49a1-ad14-f8673d6b1217;d2fae8c3-2fb5-4706-91f5-5ee4014c8767;2026-06-16 11:53:20.797964+00
1bdd87c7-3ac8-49a1-ad14-f8673d6b1217;bc0ab6bb-1380-4dd5-a345-78e76bc4900d;2026-06-16 11:53:20.797964+00
1bdd87c7-3ac8-49a1-ad14-f8673d6b1217;90337e1e-28d4-438e-bc93-337324195c2c;2026-06-16 11:53:20.797964+00
1bdd87c7-3ac8-49a1-ad14-f8673d6b1217;c13bec7c-17eb-43b4-9a9a-821997a638d1;2026-06-16 11:53:20.797964+00
1bdd87c7-3ac8-49a1-ad14-f8673d6b1217;daf47f1d-4aa9-4c79-9527-ad7b24733669;2026-06-16 11:53:20.797964+00
1bdd87c7-3ac8-49a1-ad14-f8673d6b1217;efc554ef-c8a4-4728-9106-292f5a973ae2;2026-06-16 11:53:20.797964+00
1bdd87c7-3ac8-49a1-ad14-f8673d6b1217;ff800aa3-f744-46ff-af54-41867cd2304f;2026-06-16 11:53:20.797964+00
1bdd87c7-3ac8-49a1-ad14-f8673d6b1217;abb7c840-0630-4b4e-99a8-7a0518917ac3;2026-06-16 11:53:20.797964+00
1bdd87c7-3ac8-49a1-ad14-f8673d6b1217;51fed1fe-edf1-493a-af02-a4a769fab78b;2026-06-16 11:53:20.797964+00
1bdd87c7-3ac8-49a1-ad14-f8673d6b1217;6a3f8829-047f-4fca-bc53-7f1d4ee0523e;2026-06-16 11:53:20.797964+00
1bdd87c7-3ac8-49a1-ad14-f8673d6b1217;f2c223f3-0761-4489-b712-b46d5e7ef8fe;2026-06-16 11:53:20.797964+00
1bdd87c7-3ac8-49a1-ad14-f8673d6b1217;0a7bccf6-65d1-4441-b4c7-2a20c35cbceb;2026-06-16 11:53:20.797964+00