id;event_id;scheduled_at;status;created_at;duration_minutes;host_id
94d16564-d015-4504-bb91-007f33ac5b07;cd915830-bf56-4dc4-8dcc-cc68c03fe0a9;2026-06-01 13:00:00+00;upcoming;2026-05-29 23:39:21.872179+00;120;
3787d728-165b-416c-9ea8-89ebde809f3f;cd915830-bf56-4dc4-8dcc-cc68c03fe0a9;2026-06-15 13:00:00+00;upcoming;2026-05-29 23:39:21.872179+00;120;
584edf1d-6173-4246-bcf1-ca9102813a99;cd915830-bf56-4dc4-8dcc-cc68c03fe0a9;2026-06-29 13:00:00+00;upcoming;2026-05-29 23:39:21.872179+00;120;
f770b26e-6dd6-4a56-8613-bfa5a7e15805;cd915830-bf56-4dc4-8dcc-cc68c03fe0a9;2026-07-13 13:00:00+00;upcoming;2026-05-29 23:39:21.872179+00;120;
51d36ed3-6c6b-4eb2-9c27-3f3453dc1e63;cd915830-bf56-4dc4-8dcc-cc68c03fe0a9;2026-07-27 13:00:00+00;upcoming;2026-05-29 23:39:21.872179+00;120;
0ac67dd5-3f52-450f-a9d2-0a4218a18665;cd915830-bf56-4dc4-8dcc-cc68c03fe0a9;2026-08-10 13:00:00+00;upcoming;2026-05-29 23:39:21.872179+00;120;
8f3e8f01-6263-4afc-9b85-ef21ec685597;cd915830-bf56-4dc4-8dcc-cc68c03fe0a9;2026-08-24 13:00:00+00;upcoming;2026-05-29 23:39:21.872179+00;120;
0b33f714-a178-497c-aead-484dc996bde4;cd915830-bf56-4dc4-8dcc-cc68c03fe0a9;2026-09-07 13:00:00+00;upcoming;2026-05-29 23:39:21.872179+00;120;
6aac4c21-ddff-464e-89a0-082f7c50a3aa;cd915830-bf56-4dc4-8dcc-cc68c03fe0a9;2026-09-21 13:00:00+00;upcoming;2026-05-29 23:39:21.872179+00;120;
4d8f53cf-1e6c-43e8-8080-c87ea12486ce;cd915830-bf56-4dc4-8dcc-cc68c03fe0a9;2026-10-05 13:00:00+00;upcoming;2026-05-29 23:39:21.872179+00;120;
1cdc4b49-4af6-4612-9215-a87689563808;cd915830-bf56-4dc4-8dcc-cc68c03fe0a9;2026-10-19 13:00:00+00;upcoming;2026-05-29 23:39:21.872179+00;120;
320d4a85-b265-4974-b27a-b61b25536060;cd915830-bf56-4dc4-8dcc-cc68c03fe0a9;2026-11-02 14:00:00+00;upcoming;2026-05-29 23:39:21.872179+00;120;
beae19e4-56a4-42db-b6f9-54e575f858b0;cd915830-bf56-4dc4-8dcc-cc68c03fe0a9;2026-11-16 14:00:00+00;upcoming;2026-05-29 23:39:21.872179+00;120;
c6be2bdb-9992-4a6d-86a0-b9ef8a3441e0;cd915830-bf56-4dc4-8dcc-cc68c03fe0a9;2026-11-30 14:00:00+00;upcoming;2026-05-29 23:39:21.872179+00;120;
d51fc5a0-548a-4974-8d72-515825acf90f;cd915830-bf56-4dc4-8dcc-cc68c03fe0a9;2026-12-14 14:00:00+00;upcoming;2026-05-29 23:39:21.872179+00;120;
3f3c0bc9-ab2c-49f8-b527-48c09a124b47;cd915830-bf56-4dc4-8dcc-cc68c03fe0a9;2026-12-28 14:00:00+00;upcoming;2026-05-29 23:39:21.872179+00;120;
e05c6f99-29e6-43ec-8a86-8f81d273e652;cd915830-bf56-4dc4-8dcc-cc68c03fe0a9;2027-01-11 14:00:00+00;upcoming;2026-05-29 23:39:21.872179+00;120;
c13a4907-4928-4680-a623-f307564609cd;cd915830-bf56-4dc4-8dcc-cc68c03fe0a9;2027-01-25 14:00:00+00;upcoming;2026-05-29 23:39:21.872179+00;120;
3d5ce0d3-c6a8-4c37-a98f-f775c8b71c22;cd915830-bf56-4dc4-8dcc-cc68c03fe0a9;2027-02-08 14:00:00+00;upcoming;2026-05-29 23:39:21.872179+00;120;
7c2230d3-d403-45fc-b3c3-0dbfb5222b1c;cd915830-bf56-4dc4-8dcc-cc68c03fe0a9;2027-02-22 14:00:00+00;upcoming;2026-05-29 23:39:21.872179+00;120;
fa4c15ef-90a8-4080-b90a-c996330bf01f;cd915830-bf56-4dc4-8dcc-cc68c03fe0a9;2027-03-08 14:00:00+00;upcoming;2026-05-29 23:39:21.872179+00;120;
c87606b1-049f-4a52-b2c4-25a9528c9022;cd915830-bf56-4dc4-8dcc-cc68c03fe0a9;2027-03-22 13:00:00+00;upcoming;2026-05-29 23:39:21.872179+00;120;
d745dd8e-760c-4599-8020-576c6c948511;cd915830-bf56-4dc4-8dcc-cc68c03fe0a9;2027-04-05 13:00:00+00;upcoming;2026-05-29 23:39:21.872179+00;120;
dabd51da-3dc5-4fb4-b9b1-fa7ec29ef104;cd915830-bf56-4dc4-8dcc-cc68c03fe0a9;2027-04-19 13:00:00+00;upcoming;2026-05-29 23:39:21.872179+00;120;
9ca6f2ee-8321-4345-a4f0-65529dc7294f;cd915830-bf56-4dc4-8dcc-cc68c03fe0a9;2027-05-03 13:00:00+00;upcoming;2026-05-29 23:39:21.872179+00;120;
6f977425-0a1a-4763-b359-0de2fb1966c9;cd915830-bf56-4dc4-8dcc-cc68c03fe0a9;2027-05-17 13:00:00+00;upcoming;2026-05-29 23:39:21.872179+00;120;
b9d2cfd2-a768-4b6f-9433-d9a4ba0da8c3;cd915830-bf56-4dc4-8dcc-cc68c03fe0a9;2027-05-31 13:00:00+00;upcoming;2026-05-29 23:39:21.872179+00;120;
cd168689-212c-4b25-b17e-4b7a59937d19;ecb340bd-7907-4a17-abb1-699ec0880fd3;2026-06-03 13:00:00+00;upcoming;2026-05-29 23:44:21.181571+00;120;
ca091b14-fd01-484d-b0da-ef41827b46f9;ecb340bd-7907-4a17-abb1-699ec0880fd3;2026-06-17 13:00:00+00;upcoming;2026-05-29 23:44:21.181571+00;120;
04ce7e34-4374-4683-8a1c-0832fac5456a;ecb340bd-7907-4a17-abb1-699ec0880fd3;2026-07-01 13:00:00+00;upcoming;2026-05-29 23:44:21.181571+00;120;
af2c16de-1758-450e-b767-e4341b529261;ecb340bd-7907-4a17-abb1-699ec0880fd3;2026-07-15 13:00:00+00;upcoming;2026-05-29 23:44:21.181571+00;120;
6c77bb60-771d-4953-8e21-028c1fe41894;ecb340bd-7907-4a17-abb1-699ec0880fd3;2026-07-29 13:00:00+00;upcoming;2026-05-29 23:44:21.181571+00;120;
21d237f5-4f7c-4f11-9d8c-57a0eb5fe755;ecb340bd-7907-4a17-abb1-699ec0880fd3;2026-08-12 13:00:00+00;upcoming;2026-05-29 23:44:21.181571+00;120;
45d2cae0-c2b5-4237-8921-6c326e989838;ecb340bd-7907-4a17-abb1-699ec0880fd3;2026-08-26 13:00:00+00;upcoming;2026-05-29 23:44:21.181571+00;120;
f20b743c-bb58-4963-805c-7b0a128ce5da;ecb340bd-7907-4a17-abb1-699ec0880fd3;2026-09-09 13:00:00+00;upcoming;2026-05-29 23:44:21.181571+00;120;
e329f481-d9ae-42e4-97d1-8b3193540b6b;ecb340bd-7907-4a17-abb1-699ec0880fd3;2026-09-23 13:00:00+00;upcoming;2026-05-29 23:44:21.181571+00;120;
d9092467-68c4-4b9f-a7df-c98ade0f80bd;ecb340bd-7907-4a17-abb1-699ec0880fd3;2026-10-07 13:00:00+00;upcoming;2026-05-29 23:44:21.181571+00;120;
50ef0062-a0ea-4356-90c6-dd18030f539d;ecb340bd-7907-4a17-abb1-699ec0880fd3;2026-10-21 13:00:00+00;upcoming;2026-05-29 23:44:21.181571+00;120;
74fdc5a9-6a17-4687-a626-3e492f9ee8c4;ecb340bd-7907-4a17-abb1-699ec0880fd3;2026-11-04 14:00:00+00;upcoming;2026-05-29 23:44:21.181571+00;120;
195f9d51-f25d-403e-b160-aec1f26bab3f;ecb340bd-7907-4a17-abb1-699ec0880fd3;2026-11-18 14:00:00+00;upcoming;2026-05-29 23:44:21.181571+00;120;
2e88468a-f1b1-4845-a8b0-d4d76f3c5da9;ecb340bd-7907-4a17-abb1-699ec0880fd3;2026-12-02 14:00:00+00;upcoming;2026-05-29 23:44:21.181571+00;120;
66882ba2-313b-4ab0-82be-be6031d87414;ecb340bd-7907-4a17-abb1-699ec0880fd3;2026-12-16 14:00:00+00;upcoming;2026-05-29 23:44:21.181571+00;120;
072940ef-c1ea-4145-8804-8d07f2192f47;ecb340bd-7907-4a17-abb1-699ec0880fd3;2026-12-30 14:00:00+00;upcoming;2026-05-29 23:44:21.181571+00;120;
1cb59c8f-1724-48f3-a7d2-25bce88f0505;ecb340bd-7907-4a17-abb1-699ec0880fd3;2027-01-13 14:00:00+00;upcoming;2026-05-29 23:44:21.181571+00;120;
5d301ef7-956b-4205-b3c7-89d0c61772c8;ecb340bd-7907-4a17-abb1-699ec0880fd3;2027-01-27 14:00:00+00;upcoming;2026-05-29 23:44:21.181571+00;120;
0c851c48-0560-46ba-9a05-f9789be11afc;ecb340bd-7907-4a17-abb1-699ec0880fd3;2027-02-10 14:00:00+00;upcoming;2026-05-29 23:44:21.181571+00;120;
e5614af9-9960-40e0-85f1-ce571ddd8230;ecb340bd-7907-4a17-abb1-699ec0880fd3;2027-02-24 14:00:00+00;upcoming;2026-05-29 23:44:21.181571+00;120;
52c7e32c-ae92-45ef-821e-e369f18b978b;ecb340bd-7907-4a17-abb1-699ec0880fd3;2027-03-10 14:00:00+00;upcoming;2026-05-29 23:44:21.181571+00;120;
2dbb597d-e752-4884-ab30-e7e0fdfbdf86;ecb340bd-7907-4a17-abb1-699ec0880fd3;2027-03-24 13:00:00+00;upcoming;2026-05-29 23:44:21.181571+00;120;
32238499-6610-439e-b802-245b26cbdadc;ecb340bd-7907-4a17-abb1-699ec0880fd3;2027-04-07 13:00:00+00;upcoming;2026-05-29 23:44:21.181571+00;120;
d31cb20e-bcfc-481b-9fd4-75da1f4fb29f;ecb340bd-7907-4a17-abb1-699ec0880fd3;2027-04-21 13:00:00+00;upcoming;2026-05-29 23:44:21.181571+00;120;
f6b1728d-1b6b-408a-80b3-e2412323b606;ecb340bd-7907-4a17-abb1-699ec0880fd3;2027-05-05 13:00:00+00;upcoming;2026-05-29 23:44:21.181571+00;120;
c2ffa154-2919-49f9-a4af-d9062ef70eb9;ecb340bd-7907-4a17-abb1-699ec0880fd3;2027-05-19 13:00:00+00;upcoming;2026-05-29 23:44:21.181571+00;120;
97a2da8f-7068-43aa-ab1c-f875d94e059a;ecb340bd-7907-4a17-abb1-699ec0880fd3;2027-06-02 13:00:00+00;upcoming;2026-05-29 23:44:21.181571+00;120;
74db9a12-08e6-4c72-b397-d1e5741f3da8;ecb340bd-7907-4a17-abb1-699ec0880fd3;2027-06-16 13:00:00+00;upcoming;2026-05-29 23:44:21.181571+00;120;
b6373196-8b44-430e-82dd-c6519e7d0a14;ecb340bd-7907-4a17-abb1-699ec0880fd3;2027-06-30 13:00:00+00;upcoming;2026-05-29 23:44:21.181571+00;120;
f510ccf7-172b-46bb-b068-0258d96572be;ecb340bd-7907-4a17-abb1-699ec0880fd3;2027-07-14 13:00:00+00;upcoming;2026-05-29 23:44:21.181571+00;120;
b9026bad-64c1-4757-89a5-6235b10a95d6;ecb340bd-7907-4a17-abb1-699ec0880fd3;2027-07-28 13:00:00+00;upcoming;2026-05-29 23:44:21.181571+00;120;
19f72d77-4656-48a8-9632-be8757e4c896;ecb340bd-7907-4a17-abb1-699ec0880fd3;2027-08-11 13:00:00+00;upcoming;2026-05-29 23:44:21.181571+00;120;
355d2acb-51a3-45c1-a88b-99a42f4f764c;ecb340bd-7907-4a17-abb1-699ec0880fd3;2027-08-25 13:00:00+00;upcoming;2026-05-29 23:44:21.181571+00;120;
554183fd-ac43-4aed-92b2-a97672976722;ecb340bd-7907-4a17-abb1-699ec0880fd3;2027-09-08 13:00:00+00;upcoming;2026-05-29 23:44:21.181571+00;120;
e9fe24df-8711-4264-b669-77c928a9fa49;ecb340bd-7907-4a17-abb1-699ec0880fd3;2027-09-22 13:00:00+00;upcoming;2026-05-29 23:44:21.181571+00;120;
288ca357-d2ba-4bae-b050-7786f374d7f1;ecb340bd-7907-4a17-abb1-699ec0880fd3;2027-10-06 13:00:00+00;upcoming;2026-05-29 23:44:21.181571+00;120;
0c759e33-7eb8-4897-b9b2-7d281eeed799;ecb340bd-7907-4a17-abb1-699ec0880fd3;2027-10-20 13:00:00+00;upcoming;2026-05-29 23:44:21.181571+00;120;
8cff336b-094c-4b4b-85a8-d3004b29b505;ecb340bd-7907-4a17-abb1-699ec0880fd3;2027-11-03 13:00:00+00;upcoming;2026-05-29 23:44:21.181571+00;120;
3afdbf35-b40b-42ae-8e13-203fbe24b40f;ecb340bd-7907-4a17-abb1-699ec0880fd3;2027-11-17 14:00:00+00;upcoming;2026-05-29 23:44:21.181571+00;120;
b1976284-4c66-4492-8496-5b2530220f78;ecb340bd-7907-4a17-abb1-699ec0880fd3;2027-12-01 14:00:00+00;upcoming;2026-05-29 23:44:21.181571+00;120;
e5aa1375-bd78-4805-a526-30fa51b5dd08;ecb340bd-7907-4a17-abb1-699ec0880fd3;2027-12-15 14:00:00+00;upcoming;2026-05-29 23:44:21.181571+00;120;
525e1a03-838e-4549-a6c7-05d935fa507e;ecb340bd-7907-4a17-abb1-699ec0880fd3;2027-12-29 14:00:00+00;upcoming;2026-05-29 23:44:21.181571+00;120;
2f289b15-7fe9-400c-8054-5afc0bb573e0;ecb340bd-7907-4a17-abb1-699ec0880fd3;2028-01-12 14:00:00+00;upcoming;2026-05-29 23:44:21.181571+00;120;
0b4248aa-6edd-4606-825f-6abc5d2c0ec4;ecb340bd-7907-4a17-abb1-699ec0880fd3;2028-01-26 14:00:00+00;upcoming;2026-05-29 23:44:21.181571+00;120;
4629f2a5-0a19-4e1e-9446-9c2009501f9d;ecb340bd-7907-4a17-abb1-699ec0880fd3;2028-02-09 14:00:00+00;upcoming;2026-05-29 23:44:21.181571+00;120;
d0a84ec7-44cb-4a9e-8492-88e52d0d5a7d;ecb340bd-7907-4a17-abb1-699ec0880fd3;2028-02-23 14:00:00+00;upcoming;2026-05-29 23:44:21.181571+00;120;
6eeadb36-b92f-44c3-b970-a6b06b0b5d27;ecb340bd-7907-4a17-abb1-699ec0880fd3;2028-03-08 14:00:00+00;upcoming;2026-05-29 23:44:21.181571+00;120;
b40111cd-6c57-472e-8c0f-ccd9a7b586c3;ecb340bd-7907-4a17-abb1-699ec0880fd3;2028-03-22 13:00:00+00;upcoming;2026-05-29 23:44:21.181571+00;120;
1e0b3828-f883-4e27-b30e-3a7510e917cb;ecb340bd-7907-4a17-abb1-699ec0880fd3;2028-04-05 13:00:00+00;upcoming;2026-05-29 23:44:21.181571+00;120;
5dabb908-c47e-4e77-bbd0-cee9e8cf83b4;ecb340bd-7907-4a17-abb1-699ec0880fd3;2028-04-19 13:00:00+00;upcoming;2026-05-29 23:44:21.181571+00;120;
2a90214f-b715-4eaf-a05a-5062a484a1a7;ecb340bd-7907-4a17-abb1-699ec0880fd3;2028-05-03 13:00:00+00;upcoming;2026-05-29 23:44:21.181571+00;120;
51cee0a2-5a56-41b0-8e15-27bd68407488;ecb340bd-7907-4a17-abb1-699ec0880fd3;2028-05-17 13:00:00+00;upcoming;2026-05-29 23:44:21.181571+00;120;
05973222-8b34-45e1-9028-fba1acd87d2a;ecb340bd-7907-4a17-abb1-699ec0880fd3;2028-05-31 13:00:00+00;upcoming;2026-05-29 23:44:21.181571+00;120;
2002d94f-1824-43f2-8f1e-6b4e7a9940e3;3e482952-abb9-493d-99a3-20e7fcc86941;2026-06-02 13:00:00+00;upcoming;2026-05-29 23:48:48.668198+00;120;
a7215d82-227b-43ed-a1fe-67079216dc72;3e482952-abb9-493d-99a3-20e7fcc86941;2026-06-16 13:00:00+00;upcoming;2026-05-29 23:48:48.668198+00;120;
dc6c5abd-7935-4a8f-8f53-693d148d082a;3e482952-abb9-493d-99a3-20e7fcc86941;2026-06-30 13:00:00+00;upcoming;2026-05-29 23:48:48.668198+00;120;
96a991ca-b3bb-46c3-accd-9b0c03658db0;3e482952-abb9-493d-99a3-20e7fcc86941;2026-07-14 13:00:00+00;upcoming;2026-05-29 23:48:48.668198+00;120;
30112f2d-d11e-4f85-b7d6-9737ffffc924;3e482952-abb9-493d-99a3-20e7fcc86941;2026-07-28 13:00:00+00;upcoming;2026-05-29 23:48:48.668198+00;120;
aa89b6c2-7802-4437-b8c2-0eb9e5a31127;3e482952-abb9-493d-99a3-20e7fcc86941;2026-08-11 13:00:00+00;upcoming;2026-05-29 23:48:48.668198+00;120;
51126a74-27a5-4413-8481-6477d7038b78;3e482952-abb9-493d-99a3-20e7fcc86941;2026-08-25 13:00:00+00;upcoming;2026-05-29 23:48:48.668198+00;120;
4e41dd04-f5ac-4dcf-8098-bfd9db391fd1;3e482952-abb9-493d-99a3-20e7fcc86941;2026-09-08 13:00:00+00;upcoming;2026-05-29 23:48:48.668198+00;120;
7796965b-3a7a-475b-95e9-a007ef2edf48;3e482952-abb9-493d-99a3-20e7fcc86941;2026-09-22 13:00:00+00;upcoming;2026-05-29 23:48:48.668198+00;120;
1fe67d78-1a32-4a8f-8883-58f4b157a051;3e482952-abb9-493d-99a3-20e7fcc86941;2026-10-06 13:00:00+00;upcoming;2026-05-29 23:48:48.668198+00;120;
1e27cdd0-dded-4e48-9d00-d80e46642870;3e482952-abb9-493d-99a3-20e7fcc86941;2026-10-20 13:00:00+00;upcoming;2026-05-29 23:48:48.668198+00;120;
3e0684e0-e079-42a7-bb3a-84b77c973e09;3e482952-abb9-493d-99a3-20e7fcc86941;2026-11-03 14:00:00+00;upcoming;2026-05-29 23:48:48.668198+00;120;
62c796c6-00b3-4dc7-a04c-e0055ddc1b48;3e482952-abb9-493d-99a3-20e7fcc86941;2026-11-17 14:00:00+00;upcoming;2026-05-29 23:48:48.668198+00;120;
e32e88dc-59a3-4d1a-9853-9a0100348f7c;3e482952-abb9-493d-99a3-20e7fcc86941;2026-12-01 14:00:00+00;upcoming;2026-05-29 23:48:48.668198+00;120;
352a60b7-5215-4979-ab3e-09f7a9d63446;3e482952-abb9-493d-99a3-20e7fcc86941;2026-12-15 14:00:00+00;upcoming;2026-05-29 23:48:48.668198+00;120;
e12b5fe9-0d89-4116-8629-77e93af1110e;3e482952-abb9-493d-99a3-20e7fcc86941;2026-12-29 14:00:00+00;upcoming;2026-05-29 23:48:48.668198+00;120;
39c1d2bc-b762-4c94-aaaa-25fe401d4c8f;3e482952-abb9-493d-99a3-20e7fcc86941;2027-01-12 14:00:00+00;upcoming;2026-05-29 23:48:48.668198+00;120;
36e55874-5584-4d08-8df2-8a31f98df723;3e482952-abb9-493d-99a3-20e7fcc86941;2027-01-26 14:00:00+00;upcoming;2026-05-29 23:48:48.668198+00;120;
1e6e94c0-ad7d-4711-b344-89d7a9675d01;3e482952-abb9-493d-99a3-20e7fcc86941;2027-02-09 14:00:00+00;upcoming;2026-05-29 23:48:48.668198+00;120;
87dc0157-f503-4882-b889-3819794b1959;3e482952-abb9-493d-99a3-20e7fcc86941;2027-02-23 14:00:00+00;upcoming;2026-05-29 23:48:48.668198+00;120;
ceabd022-31e2-46b7-9421-7b02d601ab03;3e482952-abb9-493d-99a3-20e7fcc86941;2027-03-09 14:00:00+00;upcoming;2026-05-29 23:48:48.668198+00;120;
5377758e-1e99-461a-b74a-39ade5e0eb7a;3e482952-abb9-493d-99a3-20e7fcc86941;2027-03-23 13:00:00+00;upcoming;2026-05-29 23:48:48.668198+00;120;
88f99cb0-c438-4640-826b-9bab749b3c39;3e482952-abb9-493d-99a3-20e7fcc86941;2027-04-06 13:00:00+00;upcoming;2026-05-29 23:48:48.668198+00;120;
34760b21-c859-46c1-9cc2-7af7a362d395;3e482952-abb9-493d-99a3-20e7fcc86941;2027-04-20 13:00:00+00;upcoming;2026-05-29 23:48:48.668198+00;120;
d1172a03-17c7-4582-a662-374d33d41125;3e482952-abb9-493d-99a3-20e7fcc86941;2027-05-04 13:00:00+00;upcoming;2026-05-29 23:48:48.668198+00;120;
2df87bbd-a5eb-4a00-bc55-06179024461b;3e482952-abb9-493d-99a3-20e7fcc86941;2027-05-18 13:00:00+00;upcoming;2026-05-29 23:48:48.668198+00;120;
a3fc3b9f-621f-4790-9ad3-f998ad288295;3e482952-abb9-493d-99a3-20e7fcc86941;2027-06-01 13:00:00+00;upcoming;2026-05-29 23:48:48.668198+00;120;
e29dbb62-a038-45b0-816d-c305c099aae4;3e482952-abb9-493d-99a3-20e7fcc86941;2027-06-15 13:00:00+00;upcoming;2026-05-29 23:48:48.668198+00;120;
c12e123b-e2e1-4c1b-8b2c-f64af1c2e028;3e482952-abb9-493d-99a3-20e7fcc86941;2027-06-29 13:00:00+00;upcoming;2026-05-29 23:48:48.668198+00;120;
07e9d4ff-aeef-45f8-97ab-85166b69061b;3e482952-abb9-493d-99a3-20e7fcc86941;2027-07-13 13:00:00+00;upcoming;2026-05-29 23:48:48.668198+00;120;
5bb184e3-687e-4686-9e37-f08e0dc335ad;3e482952-abb9-493d-99a3-20e7fcc86941;2027-07-27 13:00:00+00;upcoming;2026-05-29 23:48:48.668198+00;120;
1950e78f-a71d-4462-ae0d-2771becbe912;3e482952-abb9-493d-99a3-20e7fcc86941;2027-08-10 13:00:00+00;upcoming;2026-05-29 23:48:48.668198+00;120;
532a29db-54ef-4762-b5ac-4d703d4637c0;3e482952-abb9-493d-99a3-20e7fcc86941;2027-08-24 13:00:00+00;upcoming;2026-05-29 23:48:48.668198+00;120;
c401fa11-b8e9-4942-a17b-e8c70d83b3ee;3e482952-abb9-493d-99a3-20e7fcc86941;2027-09-07 13:00:00+00;upcoming;2026-05-29 23:48:48.668198+00;120;
4850493d-e6ff-42e3-9104-662c74478810;3e482952-abb9-493d-99a3-20e7fcc86941;2027-09-21 13:00:00+00;upcoming;2026-05-29 23:48:48.668198+00;120;
d316427f-12e1-4639-9d40-58e1fe0b63fb;3e482952-abb9-493d-99a3-20e7fcc86941;2027-10-05 13:00:00+00;upcoming;2026-05-29 23:48:48.668198+00;120;
e13400ff-0ebe-4fa5-8298-9cc6406b94bd;3e482952-abb9-493d-99a3-20e7fcc86941;2027-10-19 13:00:00+00;upcoming;2026-05-29 23:48:48.668198+00;120;
4acb7457-da4f-4880-aafa-2ee01d99dfbf;3e482952-abb9-493d-99a3-20e7fcc86941;2027-11-02 13:00:00+00;upcoming;2026-05-29 23:48:48.668198+00;120;
fe0241fa-39cb-400e-9126-24e4141e4e55;3e482952-abb9-493d-99a3-20e7fcc86941;2027-11-16 14:00:00+00;upcoming;2026-05-29 23:48:48.668198+00;120;
90b9c966-582a-4f3a-80c5-ecb9bef0bfa8;3e482952-abb9-493d-99a3-20e7fcc86941;2027-11-30 14:00:00+00;upcoming;2026-05-29 23:48:48.668198+00;120;
aca700e9-0ba8-4d4c-943a-25bab946f952;3e482952-abb9-493d-99a3-20e7fcc86941;2027-12-14 14:00:00+00;upcoming;2026-05-29 23:48:48.668198+00;120;
b18a3bb0-0bfb-4d30-a188-11a1507a4fbc;3e482952-abb9-493d-99a3-20e7fcc86941;2027-12-28 14:00:00+00;upcoming;2026-05-29 23:48:48.668198+00;120;
e86386d4-6daf-4c0a-8337-85a74a3437c5;3e482952-abb9-493d-99a3-20e7fcc86941;2028-01-11 14:00:00+00;upcoming;2026-05-29 23:48:48.668198+00;120;
50d36c20-781a-42ac-88fa-723d14ef4acf;3e482952-abb9-493d-99a3-20e7fcc86941;2028-01-25 14:00:00+00;upcoming;2026-05-29 23:48:48.668198+00;120;
842b1f05-53a9-4f40-921f-d05087c3215d;3e482952-abb9-493d-99a3-20e7fcc86941;2028-02-08 14:00:00+00;upcoming;2026-05-29 23:48:48.668198+00;120;
4f11fbfe-bf96-43ad-9659-0eec206561bb;3e482952-abb9-493d-99a3-20e7fcc86941;2028-02-22 14:00:00+00;upcoming;2026-05-29 23:48:48.668198+00;120;
5565e571-29d3-4947-bd7d-670765f1ed3c;3e482952-abb9-493d-99a3-20e7fcc86941;2028-03-07 14:00:00+00;upcoming;2026-05-29 23:48:48.668198+00;120;
bc1a8d5a-d263-445d-b445-a3ec01031990;3e482952-abb9-493d-99a3-20e7fcc86941;2028-03-21 13:00:00+00;upcoming;2026-05-29 23:48:48.668198+00;120;
fa91a54c-0bc8-4b90-813b-e79582bd7e31;3e482952-abb9-493d-99a3-20e7fcc86941;2028-04-04 13:00:00+00;upcoming;2026-05-29 23:48:48.668198+00;120;
19ba8f7c-17ad-4c72-b19a-309e4fd437e2;3e482952-abb9-493d-99a3-20e7fcc86941;2028-04-18 13:00:00+00;upcoming;2026-05-29 23:48:48.668198+00;120;
154fc0d3-07a1-4ca6-abb1-74f7ba777e5e;3e482952-abb9-493d-99a3-20e7fcc86941;2028-05-02 13:00:00+00;upcoming;2026-05-29 23:48:48.668198+00;120;
3ac0e804-3a34-4e48-9748-8afb0be38430;3e482952-abb9-493d-99a3-20e7fcc86941;2028-05-16 13:00:00+00;upcoming;2026-05-29 23:48:48.668198+00;120;
03b7cc86-978e-402d-a21b-d096924c74cd;3e482952-abb9-493d-99a3-20e7fcc86941;2028-05-30 13:00:00+00;upcoming;2026-05-29 23:48:48.668198+00;120;
43e799a9-204c-447f-8703-b2aeb9cf4fdb;226cb60b-5f31-4555-a214-e9ca320cc838;2026-06-01 13:00:00+00;upcoming;2026-05-31 15:39:41.358325+00;60;
9bc21ac1-edb7-4789-bd70-b4bf15f08efc;226cb60b-5f31-4555-a214-e9ca320cc838;2026-06-15 13:00:00+00;upcoming;2026-05-31 15:39:41.358325+00;60;
2a9ffa8e-011b-4129-a672-d9c4bfa36293;226cb60b-5f31-4555-a214-e9ca320cc838;2026-06-29 13:00:00+00;upcoming;2026-05-31 15:39:41.358325+00;60;
98d44d12-d829-49f2-b729-f311446062dc;226cb60b-5f31-4555-a214-e9ca320cc838;2026-07-13 13:00:00+00;upcoming;2026-05-31 15:39:41.358325+00;60;
08c4eebb-35e4-4e4e-9bfa-63eaf7055986;226cb60b-5f31-4555-a214-e9ca320cc838;2026-07-27 13:00:00+00;upcoming;2026-05-31 15:39:41.358325+00;60;
fea7c5b1-a1ad-4051-a99a-fc356d444337;226cb60b-5f31-4555-a214-e9ca320cc838;2026-08-10 13:00:00+00;upcoming;2026-05-31 15:39:41.358325+00;60;
70ccfa2d-4200-45c1-97d3-d2219054d992;226cb60b-5f31-4555-a214-e9ca320cc838;2026-08-24 13:00:00+00;upcoming;2026-05-31 15:39:41.358325+00;60;
ab39d953-c233-4942-9e6e-dfa7ada33eef;226cb60b-5f31-4555-a214-e9ca320cc838;2026-09-07 13:00:00+00;upcoming;2026-05-31 15:39:41.358325+00;60;
aa9e1583-9ada-41e7-b66d-aa05eb17a144;226cb60b-5f31-4555-a214-e9ca320cc838;2026-09-21 13:00:00+00;upcoming;2026-05-31 15:39:41.358325+00;60;
7c6a10eb-b92c-4895-bdd9-5d5397b4f55b;226cb60b-5f31-4555-a214-e9ca320cc838;2026-10-05 13:00:00+00;upcoming;2026-05-31 15:39:41.358325+00;60;
d4aacf46-96b3-4684-83c6-e674d3b1b909;226cb60b-5f31-4555-a214-e9ca320cc838;2026-10-19 13:00:00+00;upcoming;2026-05-31 15:39:41.358325+00;60;
9d0e60bb-3538-4d54-9e94-1feec7a4a902;226cb60b-5f31-4555-a214-e9ca320cc838;2026-11-02 14:00:00+00;upcoming;2026-05-31 15:39:41.358325+00;60;
79bbb2b6-eb9f-47d6-a891-fff3067e914d;226cb60b-5f31-4555-a214-e9ca320cc838;2026-11-16 14:00:00+00;upcoming;2026-05-31 15:39:41.358325+00;60;
5dcec663-ec6f-427d-adcd-46131559b8e9;226cb60b-5f31-4555-a214-e9ca320cc838;2026-11-30 14:00:00+00;upcoming;2026-05-31 15:39:41.358325+00;60;
0b4dd45e-7584-42eb-a42d-7e62dd66fa2f;226cb60b-5f31-4555-a214-e9ca320cc838;2026-12-14 14:00:00+00;upcoming;2026-05-31 15:39:41.358325+00;60;
d6ff4824-b562-4990-953b-32f357d2759b;226cb60b-5f31-4555-a214-e9ca320cc838;2026-12-28 14:00:00+00;upcoming;2026-05-31 15:39:41.358325+00;60;
26fba6a9-7ebd-4399-b2e8-9519a74ce2d6;226cb60b-5f31-4555-a214-e9ca320cc838;2027-01-11 14:00:00+00;upcoming;2026-05-31 15:39:41.358325+00;60;
49c9c10b-9e34-4a8b-bc17-1345ff6322bc;226cb60b-5f31-4555-a214-e9ca320cc838;2027-01-25 14:00:00+00;upcoming;2026-05-31 15:39:41.358325+00;60;
0f3228db-b90e-4b1a-b633-bfb224f1ef38;226cb60b-5f31-4555-a214-e9ca320cc838;2027-02-08 14:00:00+00;upcoming;2026-05-31 15:39:41.358325+00;60;
ba09e6fe-7a90-4ed4-b5aa-4ea0af4a224a;226cb60b-5f31-4555-a214-e9ca320cc838;2027-02-22 14:00:00+00;upcoming;2026-05-31 15:39:41.358325+00;60;
05db4bc7-3572-4748-9a57-d1c24be1be7d;226cb60b-5f31-4555-a214-e9ca320cc838;2027-03-08 14:00:00+00;upcoming;2026-05-31 15:39:41.358325+00;60;
4caa2176-9fe6-4aeb-bc18-d479528b4889;226cb60b-5f31-4555-a214-e9ca320cc838;2027-03-22 13:00:00+00;upcoming;2026-05-31 15:39:41.358325+00;60;
48ff9774-37d8-44d6-bf23-32de52823ed8;226cb60b-5f31-4555-a214-e9ca320cc838;2027-04-05 13:00:00+00;upcoming;2026-05-31 15:39:41.358325+00;60;
d186666d-e218-4081-baf3-ced954a02e58;226cb60b-5f31-4555-a214-e9ca320cc838;2027-04-19 13:00:00+00;upcoming;2026-05-31 15:39:41.358325+00;60;
1315b92c-7c3d-4bb9-8816-b7a677a05bf1;226cb60b-5f31-4555-a214-e9ca320cc838;2027-05-03 13:00:00+00;upcoming;2026-05-31 15:39:41.358325+00;60;
d29a4b6c-6a16-4cc7-ae3f-ed9d9aba2fdb;226cb60b-5f31-4555-a214-e9ca320cc838;2027-05-17 13:00:00+00;upcoming;2026-05-31 15:39:41.358325+00;60;
5e0d2851-01eb-4a01-b093-95b4962a8917;226cb60b-5f31-4555-a214-e9ca320cc838;2027-05-31 13:00:00+00;upcoming;2026-05-31 15:39:41.358325+00;60;
63d30753-28d9-44c7-a50a-60e31498bcde;226cb60b-5f31-4555-a214-e9ca320cc838;2027-06-14 13:00:00+00;upcoming;2026-05-31 15:39:41.358325+00;60;
581b3fa0-ada6-4718-a314-3aa63b89b7ea;226cb60b-5f31-4555-a214-e9ca320cc838;2027-06-28 13:00:00+00;upcoming;2026-05-31 15:39:41.358325+00;60;
c31f2656-4081-4d58-b6a9-6c5f28d68f55;226cb60b-5f31-4555-a214-e9ca320cc838;2027-07-12 13:00:00+00;upcoming;2026-05-31 15:39:41.358325+00;60;
2abb30d5-051d-41ce-889b-9b64cf8313d1;226cb60b-5f31-4555-a214-e9ca320cc838;2027-07-26 13:00:00+00;upcoming;2026-05-31 15:39:41.358325+00;60;
0d75b2f7-a7a4-43f3-8405-7d7679f8bebe;226cb60b-5f31-4555-a214-e9ca320cc838;2027-08-09 13:00:00+00;upcoming;2026-05-31 15:39:41.358325+00;60;
1e09fc27-055b-4328-9c6f-426c67f193a9;226cb60b-5f31-4555-a214-e9ca320cc838;2027-08-23 13:00:00+00;upcoming;2026-05-31 15:39:41.358325+00;60;
8103fd00-ea2b-4e84-b02a-8cc2359a2931;226cb60b-5f31-4555-a214-e9ca320cc838;2027-09-06 13:00:00+00;upcoming;2026-05-31 15:39:41.358325+00;60;
41abdd1b-e5f6-46bf-b594-c4f60872da91;226cb60b-5f31-4555-a214-e9ca320cc838;2027-09-20 13:00:00+00;upcoming;2026-05-31 15:39:41.358325+00;60;
3eb36a73-8b97-47c7-b591-7a6531db8c7f;226cb60b-5f31-4555-a214-e9ca320cc838;2027-10-04 13:00:00+00;upcoming;2026-05-31 15:39:41.358325+00;60;
e9d12b43-5457-4358-ad02-449a033e5ade;226cb60b-5f31-4555-a214-e9ca320cc838;2027-10-18 13:00:00+00;upcoming;2026-05-31 15:39:41.358325+00;60;
4ead7722-903b-48e4-9776-5609a8b85df0;226cb60b-5f31-4555-a214-e9ca320cc838;2027-11-01 13:00:00+00;upcoming;2026-05-31 15:39:41.358325+00;60;
18f20158-08da-4f23-999f-e80d58cb84e1;226cb60b-5f31-4555-a214-e9ca320cc838;2027-11-15 14:00:00+00;upcoming;2026-05-31 15:39:41.358325+00;60;
94e61ad5-eda1-4413-a10b-289b2f8017d0;226cb60b-5f31-4555-a214-e9ca320cc838;2027-11-29 14:00:00+00;upcoming;2026-05-31 15:39:41.358325+00;60;
96c030dc-b70a-4f73-b4e5-2dba2834470a;226cb60b-5f31-4555-a214-e9ca320cc838;2027-12-13 14:00:00+00;upcoming;2026-05-31 15:39:41.358325+00;60;
5633c8df-ed0e-44d6-b423-ca21fcc94bd6;226cb60b-5f31-4555-a214-e9ca320cc838;2027-12-27 14:00:00+00;upcoming;2026-05-31 15:39:41.358325+00;60;
c1f72e4b-3a45-4c7b-b91c-8c72c136613d;226cb60b-5f31-4555-a214-e9ca320cc838;2028-01-10 14:00:00+00;upcoming;2026-05-31 15:39:41.358325+00;60;
76486894-e4e9-4b02-9516-8bbd3c2f831f;226cb60b-5f31-4555-a214-e9ca320cc838;2028-01-24 14:00:00+00;upcoming;2026-05-31 15:39:41.358325+00;60;
7b49aaa9-dbbd-494a-9602-006264520e03;226cb60b-5f31-4555-a214-e9ca320cc838;2028-02-07 14:00:00+00;upcoming;2026-05-31 15:39:41.358325+00;60;
39821e74-b8b2-4d56-8d3e-c01d898c664d;226cb60b-5f31-4555-a214-e9ca320cc838;2028-02-21 14:00:00+00;upcoming;2026-05-31 15:39:41.358325+00;60;
6817bb79-09dd-4e6b-91e5-e0c428aae6bd;226cb60b-5f31-4555-a214-e9ca320cc838;2028-03-06 14:00:00+00;upcoming;2026-05-31 15:39:41.358325+00;60;
683478b1-5598-4388-9ef4-4604fcf958e0;226cb60b-5f31-4555-a214-e9ca320cc838;2028-03-20 13:00:00+00;upcoming;2026-05-31 15:39:41.358325+00;60;
c9b5924c-8bfb-4622-99a0-04bcdd06569d;226cb60b-5f31-4555-a214-e9ca320cc838;2028-04-03 13:00:00+00;upcoming;2026-05-31 15:39:41.358325+00;60;
974ec3c4-227d-48ce-ac51-b978de631b0c;226cb60b-5f31-4555-a214-e9ca320cc838;2028-04-17 13:00:00+00;upcoming;2026-05-31 15:39:41.358325+00;60;
f2697541-b38a-43fc-b6df-77eb6f256c00;226cb60b-5f31-4555-a214-e9ca320cc838;2028-05-01 13:00:00+00;upcoming;2026-05-31 15:39:41.358325+00;60;
f152fee5-81b5-4f3d-9a0b-b2c6af6edeae;226cb60b-5f31-4555-a214-e9ca320cc838;2028-05-15 13:00:00+00;upcoming;2026-05-31 15:39:41.358325+00;60;
9fe699f6-b79b-4a6b-bbff-58f53517593c;226cb60b-5f31-4555-a214-e9ca320cc838;2028-05-29 13:00:00+00;upcoming;2026-05-31 15:39:41.358325+00;60;
6b07b045-88bb-46bc-818e-305fecfe0c60;1bdd87c7-3ac8-49a1-ad14-f8673d6b1217;2026-06-02 13:00:00+00;upcoming;2026-05-31 18:51:54.843291+00;60;
280d9f53-cd47-412a-bb24-94c224397003;1bdd87c7-3ac8-49a1-ad14-f8673d6b1217;2026-06-16 13:00:00+00;upcoming;2026-05-31 18:51:54.843291+00;60;
92b095a8-d556-47f2-8522-c2562e1b458b;1bdd87c7-3ac8-49a1-ad14-f8673d6b1217;2026-06-30 13:00:00+00;upcoming;2026-05-31 18:51:54.843291+00;60;
cc6afd1c-5dbe-42ad-bfdb-11c58afa3bd6;1bdd87c7-3ac8-49a1-ad14-f8673d6b1217;2026-07-14 13:00:00+00;upcoming;2026-05-31 18:51:54.843291+00;60;
94e696cf-9f3e-40fa-90b8-160fc1dc98ae;1bdd87c7-3ac8-49a1-ad14-f8673d6b1217;2026-07-28 13:00:00+00;upcoming;2026-05-31 18:51:54.843291+00;60;
b7572a08-de01-4ed3-81bd-31588c68138d;1bdd87c7-3ac8-49a1-ad14-f8673d6b1217;2026-08-11 13:00:00+00;upcoming;2026-05-31 18:51:54.843291+00;60;
65dcdc7a-d0f2-498c-a7ce-c55e195d4605;1bdd87c7-3ac8-49a1-ad14-f8673d6b1217;2026-08-25 13:00:00+00;upcoming;2026-05-31 18:51:54.843291+00;60;
e741226d-0eb5-40a4-9073-f13c955f3abf;1bdd87c7-3ac8-49a1-ad14-f8673d6b1217;2026-09-08 13:00:00+00;upcoming;2026-05-31 18:51:54.843291+00;60;
4adff1de-b587-4923-97b3-2c64a690e63f;1bdd87c7-3ac8-49a1-ad14-f8673d6b1217;2026-09-22 13:00:00+00;upcoming;2026-05-31 18:51:54.843291+00;60;
104915cd-9092-4cf2-b9be-6b980bc41d72;1bdd87c7-3ac8-49a1-ad14-f8673d6b1217;2026-10-06 13:00:00+00;upcoming;2026-05-31 18:51:54.843291+00;60;
b1a0aaa0-ccd1-4d47-b29e-752bf389cd7f;1bdd87c7-3ac8-49a1-ad14-f8673d6b1217;2026-10-20 13:00:00+00;upcoming;2026-05-31 18:51:54.843291+00;60;
2749f5ba-03e5-4729-a2a9-dcdf9d4d444f;1bdd87c7-3ac8-49a1-ad14-f8673d6b1217;2026-11-03 14:00:00+00;upcoming;2026-05-31 18:51:54.843291+00;60;
459196d8-c711-47b3-b5c9-a777feadeeb5;1bdd87c7-3ac8-49a1-ad14-f8673d6b1217;2026-11-17 14:00:00+00;upcoming;2026-05-31 18:51:54.843291+00;60;
65b0af5d-0e70-44c7-9d0a-2846a16d5d50;1bdd87c7-3ac8-49a1-ad14-f8673d6b1217;2026-12-01 14:00:00+00;upcoming;2026-05-31 18:51:54.843291+00;60;
99a9fccd-7eba-4ddb-b701-dfae75e85176;1bdd87c7-3ac8-49a1-ad14-f8673d6b1217;2026-12-15 14:00:00+00;upcoming;2026-05-31 18:51:54.843291+00;60;
e5e545c8-5d61-44bf-b5ad-7b25c92a006e;1bdd87c7-3ac8-49a1-ad14-f8673d6b1217;2026-12-29 14:00:00+00;upcoming;2026-05-31 18:51:54.843291+00;60;
518f9f13-c9d6-4a2f-99ea-24738eb93112;1bdd87c7-3ac8-49a1-ad14-f8673d6b1217;2027-01-12 14:00:00+00;upcoming;2026-05-31 18:51:54.843291+00;60;
6564335f-683c-4bf2-9627-1d8c1763830b;1bdd87c7-3ac8-49a1-ad14-f8673d6b1217;2027-01-26 14:00:00+00;upcoming;2026-05-31 18:51:54.843291+00;60;
1644d45f-c4b5-46be-a131-2dc4ee30d873;1bdd87c7-3ac8-49a1-ad14-f8673d6b1217;2027-02-09 14:00:00+00;upcoming;2026-05-31 18:51:54.843291+00;60;
c0c7e0ea-5445-40b4-8a94-f49e96d309e0;1bdd87c7-3ac8-49a1-ad14-f8673d6b1217;2027-02-23 14:00:00+00;upcoming;2026-05-31 18:51:54.843291+00;60;
5e511162-b7df-4d53-851a-81f063068525;1bdd87c7-3ac8-49a1-ad14-f8673d6b1217;2027-03-09 14:00:00+00;upcoming;2026-05-31 18:51:54.843291+00;60;
3bd00e1b-7efd-445b-849b-3e0ba253fcde;1bdd87c7-3ac8-49a1-ad14-f8673d6b1217;2027-03-23 13:00:00+00;upcoming;2026-05-31 18:51:54.843291+00;60;
69bf89b0-e5ff-4022-b5ee-002bc6dc96fa;1bdd87c7-3ac8-49a1-ad14-f8673d6b1217;2027-04-06 13:00:00+00;upcoming;2026-05-31 18:51:54.843291+00;60;
bf740455-42d9-4116-8298-fc73c5c19213;1bdd87c7-3ac8-49a1-ad14-f8673d6b1217;2027-04-20 13:00:00+00;upcoming;2026-05-31 18:51:54.843291+00;60;
41cc7833-256a-49fa-8992-fd96f1b0a740;1bdd87c7-3ac8-49a1-ad14-f8673d6b1217;2027-05-04 13:00:00+00;upcoming;2026-05-31 18:51:54.843291+00;60;
38efa4be-e6f5-440f-882d-23e6c5d9e509;1bdd87c7-3ac8-49a1-ad14-f8673d6b1217;2027-05-18 13:00:00+00;upcoming;2026-05-31 18:51:54.843291+00;60;
96f2c405-8dbd-4186-9c51-fb04d43c4703;1bdd87c7-3ac8-49a1-ad14-f8673d6b1217;2027-06-01 13:00:00+00;upcoming;2026-05-31 18:51:54.843291+00;60;
ea0c8495-507a-412d-99d6-d638d60c1abc;1bdd87c7-3ac8-49a1-ad14-f8673d6b1217;2027-06-15 13:00:00+00;upcoming;2026-05-31 18:51:54.843291+00;60;
12c4c163-5ba9-4cca-ba39-41f1008f8121;1bdd87c7-3ac8-49a1-ad14-f8673d6b1217;2027-06-29 13:00:00+00;upcoming;2026-05-31 18:51:54.843291+00;60;
c233c505-fca4-44ec-b409-c8d95528c07c;1bdd87c7-3ac8-49a1-ad14-f8673d6b1217;2027-07-13 13:00:00+00;upcoming;2026-05-31 18:51:54.843291+00;60;
41bccb63-7248-4a1a-a8d7-2b0721bfff8b;1bdd87c7-3ac8-49a1-ad14-f8673d6b1217;2027-07-27 13:00:00+00;upcoming;2026-05-31 18:51:54.843291+00;60;
a343f451-5159-4641-9dcb-54b896f48633;1bdd87c7-3ac8-49a1-ad14-f8673d6b1217;2027-08-10 13:00:00+00;upcoming;2026-05-31 18:51:54.843291+00;60;
933d98e3-f805-4d97-8be3-f5d62ef62035;1bdd87c7-3ac8-49a1-ad14-f8673d6b1217;2027-08-24 13:00:00+00;upcoming;2026-05-31 18:51:54.843291+00;60;
f2c2729f-475c-4306-9e54-cadf103ad2c0;1bdd87c7-3ac8-49a1-ad14-f8673d6b1217;2027-09-07 13:00:00+00;upcoming;2026-05-31 18:51:54.843291+00;60;
208c975a-cb0b-4972-a936-cc6b7d9e4d5b;1bdd87c7-3ac8-49a1-ad14-f8673d6b1217;2027-09-21 13:00:00+00;upcoming;2026-05-31 18:51:54.843291+00;60;
ba2e6d4f-6ad5-4bdf-a630-02b962b63748;1bdd87c7-3ac8-49a1-ad14-f8673d6b1217;2027-10-05 13:00:00+00;upcoming;2026-05-31 18:51:54.843291+00;60;
09050c28-90b2-44f1-9bf4-a5e21ca47f79;1bdd87c7-3ac8-49a1-ad14-f8673d6b1217;2027-10-19 13:00:00+00;upcoming;2026-05-31 18:51:54.843291+00;60;
fbd76b1b-e774-4250-ad79-2f03085a581a;1bdd87c7-3ac8-49a1-ad14-f8673d6b1217;2027-11-02 13:00:00+00;upcoming;2026-05-31 18:51:54.843291+00;60;
698a859e-55e6-420c-9f20-4b51f639aa80;1bdd87c7-3ac8-49a1-ad14-f8673d6b1217;2027-11-16 14:00:00+00;upcoming;2026-05-31 18:51:54.843291+00;60;
a6a60adc-c579-4b2e-8dc7-5d7272a28623;1bdd87c7-3ac8-49a1-ad14-f8673d6b1217;2027-11-30 14:00:00+00;upcoming;2026-05-31 18:51:54.843291+00;60;
217a1538-35f7-42e0-a976-2d92f7e1a441;1bdd87c7-3ac8-49a1-ad14-f8673d6b1217;2027-12-14 14:00:00+00;upcoming;2026-05-31 18:51:54.843291+00;60;
f48e6944-57a7-4470-a390-349f3bc5fbd0;1bdd87c7-3ac8-49a1-ad14-f8673d6b1217;2027-12-28 14:00:00+00;upcoming;2026-05-31 18:51:54.843291+00;60;
858aa13e-86f8-4cce-8fd9-e8baaabedea6;1bdd87c7-3ac8-49a1-ad14-f8673d6b1217;2028-01-11 14:00:00+00;upcoming;2026-05-31 18:51:54.843291+00;60;
8b97b6e6-5a5e-4e04-bdcd-a6123f0da2b7;1bdd87c7-3ac8-49a1-ad14-f8673d6b1217;2028-01-25 14:00:00+00;upcoming;2026-05-31 18:51:54.843291+00;60;
63e358a5-b7e1-4f6b-b3b5-f0b844a6d96e;1bdd87c7-3ac8-49a1-ad14-f8673d6b1217;2028-02-08 14:00:00+00;upcoming;2026-05-31 18:51:54.843291+00;60;
6ff5b8ce-9cad-4136-9dcc-bdc0414d6655;1bdd87c7-3ac8-49a1-ad14-f8673d6b1217;2028-02-22 14:00:00+00;upcoming;2026-05-31 18:51:54.843291+00;60;
e0c5ed50-795c-4961-9a76-77742336f7bd;1bdd87c7-3ac8-49a1-ad14-f8673d6b1217;2028-03-07 14:00:00+00;upcoming;2026-05-31 18:51:54.843291+00;60;
15db580b-ec9a-4604-aa93-14634648eaf4;1bdd87c7-3ac8-49a1-ad14-f8673d6b1217;2028-03-21 13:00:00+00;upcoming;2026-05-31 18:51:54.843291+00;60;
9d0cb5a3-6ee6-4bbf-9940-66ceae3e0743;1bdd87c7-3ac8-49a1-ad14-f8673d6b1217;2028-04-04 13:00:00+00;upcoming;2026-05-31 18:51:54.843291+00;60;
02678953-9db0-4fdf-8d30-29aed52ee021;1bdd87c7-3ac8-49a1-ad14-f8673d6b1217;2028-04-18 13:00:00+00;upcoming;2026-05-31 18:51:54.843291+00;60;
8f1e4394-3a36-4149-b15d-41960dacfa9f;1bdd87c7-3ac8-49a1-ad14-f8673d6b1217;2028-05-02 13:00:00+00;upcoming;2026-05-31 18:51:54.843291+00;60;
a70e44f0-4a3a-4c90-8a69-ab9b8a981ebc;1bdd87c7-3ac8-49a1-ad14-f8673d6b1217;2028-05-16 13:00:00+00;upcoming;2026-05-31 18:51:54.843291+00;60;
4f6c97f1-5148-4048-b225-46ff1b836ec3;1bdd87c7-3ac8-49a1-ad14-f8673d6b1217;2028-05-30 13:00:00+00;upcoming;2026-05-31 18:51:54.843291+00;60;
056b8139-5dcd-4b45-ab18-9e68d56d80e9;b880787b-abe0-4996-ba97-256513cd3b89;2026-06-04 13:00:00+00;upcoming;2026-05-31 22:16:58.605924+00;60;
14b04535-3f45-4068-b2cf-185d468e8479;b880787b-abe0-4996-ba97-256513cd3b89;2026-06-18 13:00:00+00;upcoming;2026-05-31 22:16:58.605924+00;60;
0d15df65-df13-4119-9477-f0296e10d606;b880787b-abe0-4996-ba97-256513cd3b89;2026-07-02 13:00:00+00;upcoming;2026-05-31 22:16:58.605924+00;60;
d3827f63-e933-4216-84d8-d9c98edd0fd4;b880787b-abe0-4996-ba97-256513cd3b89;2026-07-16 13:00:00+00;upcoming;2026-05-31 22:16:58.605924+00;60;
b13cb842-3f25-4a7e-8fce-df46d3e8775a;b880787b-abe0-4996-ba97-256513cd3b89;2026-07-30 13:00:00+00;upcoming;2026-05-31 22:16:58.605924+00;60;
9d1e04d9-d300-4305-a45e-9525381a614d;b880787b-abe0-4996-ba97-256513cd3b89;2026-08-13 13:00:00+00;upcoming;2026-05-31 22:16:58.605924+00;60;
7697b1ad-9e39-4ddd-af11-ba66c80ac29a;b880787b-abe0-4996-ba97-256513cd3b89;2026-08-27 13:00:00+00;upcoming;2026-05-31 22:16:58.605924+00;60;
14abec99-21c2-478d-ac61-9201c7b66e8b;b880787b-abe0-4996-ba97-256513cd3b89;2026-09-10 13:00:00+00;upcoming;2026-05-31 22:16:58.605924+00;60;
7528d09f-0dc2-47c9-bf61-20975f800b03;b880787b-abe0-4996-ba97-256513cd3b89;2026-09-24 13:00:00+00;upcoming;2026-05-31 22:16:58.605924+00;60;
c1bab2ef-397a-48a7-8a05-4c5bca323d35;b880787b-abe0-4996-ba97-256513cd3b89;2026-10-08 13:00:00+00;upcoming;2026-05-31 22:16:58.605924+00;60;
52e4fab6-6390-4c6d-bf04-c9973de36514;b880787b-abe0-4996-ba97-256513cd3b89;2026-10-22 13:00:00+00;upcoming;2026-05-31 22:16:58.605924+00;60;
64e4313a-2fa8-4a3c-89fb-2dc10ff39a2f;b880787b-abe0-4996-ba97-256513cd3b89;2026-11-05 14:00:00+00;upcoming;2026-05-31 22:16:58.605924+00;60;
80d2e83d-9c56-4202-b1bc-1718a5b19c68;b880787b-abe0-4996-ba97-256513cd3b89;2026-11-19 14:00:00+00;upcoming;2026-05-31 22:16:58.605924+00;60;
e1d38da9-ff57-43ba-8871-189fc62bb51f;b880787b-abe0-4996-ba97-256513cd3b89;2026-12-03 14:00:00+00;upcoming;2026-05-31 22:16:58.605924+00;60;
6580c68b-52c3-4687-b997-99037b124ee7;b880787b-abe0-4996-ba97-256513cd3b89;2026-12-17 14:00:00+00;upcoming;2026-05-31 22:16:58.605924+00;60;
a3987cc5-6c02-4f18-be68-2c26509f070d;b880787b-abe0-4996-ba97-256513cd3b89;2026-12-31 14:00:00+00;upcoming;2026-05-31 22:16:58.605924+00;60;
97836cd8-19d0-40f9-b5b0-95baa7bf1126;b880787b-abe0-4996-ba97-256513cd3b89;2027-01-14 14:00:00+00;upcoming;2026-05-31 22:16:58.605924+00;60;
ec010c4b-3cda-4e14-a427-476241bfda68;b880787b-abe0-4996-ba97-256513cd3b89;2027-01-28 14:00:00+00;upcoming;2026-05-31 22:16:58.605924+00;60;
fb3f9b68-7d3d-4031-bc28-37400f2d5e7e;b880787b-abe0-4996-ba97-256513cd3b89;2027-02-11 14:00:00+00;upcoming;2026-05-31 22:16:58.605924+00;60;
4da00a6d-3068-4dab-b98b-fe498307763d;b880787b-abe0-4996-ba97-256513cd3b89;2027-02-25 14:00:00+00;upcoming;2026-05-31 22:16:58.605924+00;60;
5d3759a6-f323-4c49-82a2-fafd9d42f47a;b880787b-abe0-4996-ba97-256513cd3b89;2027-03-11 14:00:00+00;upcoming;2026-05-31 22:16:58.605924+00;60;
2070b538-3ca1-4221-8144-fa332f4f4bf1;b880787b-abe0-4996-ba97-256513cd3b89;2027-03-25 13:00:00+00;upcoming;2026-05-31 22:16:58.605924+00;60;
fd0b1b18-c117-4d6e-ae6a-a8898a8c6189;b880787b-abe0-4996-ba97-256513cd3b89;2027-04-08 13:00:00+00;upcoming;2026-05-31 22:16:58.605924+00;60;
69f7bdbe-fa94-4263-b9cc-5f0d55c08884;b880787b-abe0-4996-ba97-256513cd3b89;2027-04-22 13:00:00+00;upcoming;2026-05-31 22:16:58.605924+00;60;
f3d13f9b-1c65-4257-ba93-ad352b78d187;b880787b-abe0-4996-ba97-256513cd3b89;2027-05-06 13:00:00+00;upcoming;2026-05-31 22:16:58.605924+00;60;
6c44fc7d-58b0-4370-bd15-223ebb159cf6;b880787b-abe0-4996-ba97-256513cd3b89;2027-05-20 13:00:00+00;upcoming;2026-05-31 22:16:58.605924+00;60;
d109f163-aaa6-43d4-aaa2-8395939898cd;b880787b-abe0-4996-ba97-256513cd3b89;2027-06-03 13:00:00+00;upcoming;2026-05-31 22:16:58.605924+00;60;
1e0e4c31-73a6-4c19-bb46-b24ed1b438d8;b880787b-abe0-4996-ba97-256513cd3b89;2027-06-17 13:00:00+00;upcoming;2026-05-31 22:16:58.605924+00;60;
b7834e8c-901e-4b29-a0ad-a365d6f44864;b880787b-abe0-4996-ba97-256513cd3b89;2027-07-01 13:00:00+00;upcoming;2026-05-31 22:16:58.605924+00;60;
31877eca-08ef-4e6a-a01d-2e2e4236dd27;b880787b-abe0-4996-ba97-256513cd3b89;2027-07-15 13:00:00+00;upcoming;2026-05-31 22:16:58.605924+00;60;
68ee2181-97c0-4f9c-b969-1170f90ed9a7;b880787b-abe0-4996-ba97-256513cd3b89;2027-07-29 13:00:00+00;upcoming;2026-05-31 22:16:58.605924+00;60;
147ee1cb-78a0-44c8-94b1-4b16ebf25651;b880787b-abe0-4996-ba97-256513cd3b89;2027-08-12 13:00:00+00;upcoming;2026-05-31 22:16:58.605924+00;60;
a83c2ece-8599-4091-be49-7bf689ddbfc2;b880787b-abe0-4996-ba97-256513cd3b89;2027-08-26 13:00:00+00;upcoming;2026-05-31 22:16:58.605924+00;60;
c8ef317f-9543-49a8-bb9f-acdb7a579e6d;b880787b-abe0-4996-ba97-256513cd3b89;2027-09-09 13:00:00+00;upcoming;2026-05-31 22:16:58.605924+00;60;
94a6668b-99c6-4255-9169-431be3fe84ba;b880787b-abe0-4996-ba97-256513cd3b89;2027-09-23 13:00:00+00;upcoming;2026-05-31 22:16:58.605924+00;60;
85ce3d8b-1ed4-489b-ad64-cfbb204a6633;b880787b-abe0-4996-ba97-256513cd3b89;2027-10-07 13:00:00+00;upcoming;2026-05-31 22:16:58.605924+00;60;
2a153f7b-490c-4dbb-8de7-260dda298831;b880787b-abe0-4996-ba97-256513cd3b89;2027-10-21 13:00:00+00;upcoming;2026-05-31 22:16:58.605924+00;60;
5c6cbdba-5d0f-4810-921a-93fd06c29ae9;b880787b-abe0-4996-ba97-256513cd3b89;2027-11-04 13:00:00+00;upcoming;2026-05-31 22:16:58.605924+00;60;
56a8de76-3867-4ef6-97d6-3184552da218;b880787b-abe0-4996-ba97-256513cd3b89;2027-11-18 14:00:00+00;upcoming;2026-05-31 22:16:58.605924+00;60;
576c26f9-6961-446b-9661-5d0c5c8f46f8;b880787b-abe0-4996-ba97-256513cd3b89;2027-12-02 14:00:00+00;upcoming;2026-05-31 22:16:58.605924+00;60;
be43e988-7b02-4778-a3ab-7470a30ae135;b880787b-abe0-4996-ba97-256513cd3b89;2027-12-16 14:00:00+00;upcoming;2026-05-31 22:16:58.605924+00;60;
6d9f29e2-c9af-4e6c-84a7-55b5bb07056c;b880787b-abe0-4996-ba97-256513cd3b89;2027-12-30 14:00:00+00;upcoming;2026-05-31 22:16:58.605924+00;60;
0ed406c5-5feb-4b85-a33b-d2ec0d0073dd;b880787b-abe0-4996-ba97-256513cd3b89;2028-01-13 14:00:00+00;upcoming;2026-05-31 22:16:58.605924+00;60;
fd46fc2a-0b61-4ec1-a12b-830839dca95f;b880787b-abe0-4996-ba97-256513cd3b89;2028-01-27 14:00:00+00;upcoming;2026-05-31 22:16:58.605924+00;60;
2af5dc06-62ec-4d53-ab95-9633b4ef599b;b880787b-abe0-4996-ba97-256513cd3b89;2028-02-10 14:00:00+00;upcoming;2026-05-31 22:16:58.605924+00;60;
d4eb6a6b-2395-44d1-aede-56863f00158f;b880787b-abe0-4996-ba97-256513cd3b89;2028-02-24 14:00:00+00;upcoming;2026-05-31 22:16:58.605924+00;60;
24bab34e-5a90-4cca-8e71-2216fccc316a;b880787b-abe0-4996-ba97-256513cd3b89;2028-03-09 14:00:00+00;upcoming;2026-05-31 22:16:58.605924+00;60;
e0b381fe-a7da-4c32-a850-3654dfcd98aa;b880787b-abe0-4996-ba97-256513cd3b89;2028-03-23 13:00:00+00;upcoming;2026-05-31 22:16:58.605924+00;60;
a7447a8e-1b2f-4f6c-8b61-15fa649a76e8;b880787b-abe0-4996-ba97-256513cd3b89;2028-04-06 13:00:00+00;upcoming;2026-05-31 22:16:58.605924+00;60;
d7319230-acbf-46c4-9eed-9d5b5dc513fe;b880787b-abe0-4996-ba97-256513cd3b89;2028-04-20 13:00:00+00;upcoming;2026-05-31 22:16:58.605924+00;60;
2d6e50b8-6f6b-4bb2-955f-0703f3aa9cdd;b880787b-abe0-4996-ba97-256513cd3b89;2028-05-04 13:00:00+00;upcoming;2026-05-31 22:16:58.605924+00;60;
e95b66c1-10c0-4c32-a4c2-e57e430a9833;b880787b-abe0-4996-ba97-256513cd3b89;2028-05-18 13:00:00+00;upcoming;2026-05-31 22:16:58.605924+00;60;
643c78ef-b926-4497-90b6-c0c4b33e3a8c;b880787b-abe0-4996-ba97-256513cd3b89;2028-06-01 13:00:00+00;upcoming;2026-05-31 22:16:58.605924+00;60;
e9ddd68a-c635-46a0-bcbe-fda3f8f7a145;e00817e6-5ca5-4105-80ac-abd946afa4e0;2026-06-04 13:00:00+00;upcoming;2026-05-31 22:35:54.015429+00;60;
da854d69-4a50-457d-8894-265f34a4d50d;e00817e6-5ca5-4105-80ac-abd946afa4e0;2026-06-18 13:00:00+00;upcoming;2026-05-31 22:35:54.015429+00;60;
2f2fa7f5-09ce-4ffe-acc5-b9bb6771a9c2;e00817e6-5ca5-4105-80ac-abd946afa4e0;2026-07-02 13:00:00+00;upcoming;2026-05-31 22:35:54.015429+00;60;
96c1c0a3-5e0d-4bf9-8969-8f2b253950b2;e00817e6-5ca5-4105-80ac-abd946afa4e0;2026-07-16 13:00:00+00;upcoming;2026-05-31 22:35:54.015429+00;60;
4bf588b6-3ba9-49b8-b491-25e52b4a7cd4;e00817e6-5ca5-4105-80ac-abd946afa4e0;2026-07-30 13:00:00+00;upcoming;2026-05-31 22:35:54.015429+00;60;
7aab2360-e543-445b-924e-6fda685289fd;e00817e6-5ca5-4105-80ac-abd946afa4e0;2026-08-13 13:00:00+00;upcoming;2026-05-31 22:35:54.015429+00;60;
9324ec78-0280-4bf3-9266-f8b9ce5d774d;e00817e6-5ca5-4105-80ac-abd946afa4e0;2026-08-27 13:00:00+00;upcoming;2026-05-31 22:35:54.015429+00;60;
288f0aee-423d-4b5a-b0c8-45a1dece9d8e;e00817e6-5ca5-4105-80ac-abd946afa4e0;2026-09-10 13:00:00+00;upcoming;2026-05-31 22:35:54.015429+00;60;
ce150c39-af31-45cc-b3ba-7bd784bf6469;e00817e6-5ca5-4105-80ac-abd946afa4e0;2026-09-24 13:00:00+00;upcoming;2026-05-31 22:35:54.015429+00;60;
89d53ca2-d437-44d1-b981-34c3292a3f53;e00817e6-5ca5-4105-80ac-abd946afa4e0;2026-10-08 13:00:00+00;upcoming;2026-05-31 22:35:54.015429+00;60;
327220a2-9768-4c2b-ac42-f90590738ab4;e00817e6-5ca5-4105-80ac-abd946afa4e0;2026-10-22 13:00:00+00;upcoming;2026-05-31 22:35:54.015429+00;60;
8b840dd0-0abd-4271-9fb5-29b81084e35a;e00817e6-5ca5-4105-80ac-abd946afa4e0;2026-11-05 14:00:00+00;upcoming;2026-05-31 22:35:54.015429+00;60;
e64377a2-463b-4df9-ac89-0b2510fe488f;e00817e6-5ca5-4105-80ac-abd946afa4e0;2026-11-19 14:00:00+00;upcoming;2026-05-31 22:35:54.015429+00;60;
4e728017-739f-4827-bf57-dcac1f7f6f04;e00817e6-5ca5-4105-80ac-abd946afa4e0;2026-12-03 14:00:00+00;upcoming;2026-05-31 22:35:54.015429+00;60;
21df3b8e-5773-409e-b14a-f6891b00aac6;e00817e6-5ca5-4105-80ac-abd946afa4e0;2026-12-17 14:00:00+00;upcoming;2026-05-31 22:35:54.015429+00;60;
fb571735-7b35-44d0-a6fd-842f4af5f16f;e00817e6-5ca5-4105-80ac-abd946afa4e0;2026-12-31 14:00:00+00;upcoming;2026-05-31 22:35:54.015429+00;60;
fb59b3a3-2c8b-4583-a589-b4367d64d027;e00817e6-5ca5-4105-80ac-abd946afa4e0;2027-01-14 14:00:00+00;upcoming;2026-05-31 22:35:54.015429+00;60;
51a2c411-2774-4e57-b814-b26a875a697e;e00817e6-5ca5-4105-80ac-abd946afa4e0;2027-01-28 14:00:00+00;upcoming;2026-05-31 22:35:54.015429+00;60;
f8b367d5-efd0-46fc-98f3-c8f3af27a4ee;e00817e6-5ca5-4105-80ac-abd946afa4e0;2027-02-11 14:00:00+00;upcoming;2026-05-31 22:35:54.015429+00;60;
73bf9f70-6869-4253-b4e6-52a364eb38be;e00817e6-5ca5-4105-80ac-abd946afa4e0;2027-02-25 14:00:00+00;upcoming;2026-05-31 22:35:54.015429+00;60;
a2f0bbc9-b6e5-4356-881e-b30736b46907;e00817e6-5ca5-4105-80ac-abd946afa4e0;2027-03-11 14:00:00+00;upcoming;2026-05-31 22:35:54.015429+00;60;
47e450de-3564-4b25-a5b0-3f23a0d44791;e00817e6-5ca5-4105-80ac-abd946afa4e0;2027-03-25 13:00:00+00;upcoming;2026-05-31 22:35:54.015429+00;60;
f235d635-2413-4425-9620-07a28887d28e;e00817e6-5ca5-4105-80ac-abd946afa4e0;2027-04-08 13:00:00+00;upcoming;2026-05-31 22:35:54.015429+00;60;
e201ce8d-bc97-4bba-9348-67008fc474c5;e00817e6-5ca5-4105-80ac-abd946afa4e0;2027-04-22 13:00:00+00;upcoming;2026-05-31 22:35:54.015429+00;60;
108e3cab-d5b0-49cc-92e2-7c837fa956f6;e00817e6-5ca5-4105-80ac-abd946afa4e0;2027-05-06 13:00:00+00;upcoming;2026-05-31 22:35:54.015429+00;60;
3847700e-8bd6-4c36-8825-34274bf64400;e00817e6-5ca5-4105-80ac-abd946afa4e0;2027-05-20 13:00:00+00;upcoming;2026-05-31 22:35:54.015429+00;60;
a54c49a6-4b1a-4591-b73c-e1aa7d05ce45;e00817e6-5ca5-4105-80ac-abd946afa4e0;2027-06-03 13:00:00+00;upcoming;2026-05-31 22:35:54.015429+00;60;
b363464a-a139-465f-98dc-00fe1c0a2559;e00817e6-5ca5-4105-80ac-abd946afa4e0;2027-06-17 13:00:00+00;upcoming;2026-05-31 22:35:54.015429+00;60;
75009a49-141d-4df2-95c2-01c3ccd068eb;e00817e6-5ca5-4105-80ac-abd946afa4e0;2027-07-01 13:00:00+00;upcoming;2026-05-31 22:35:54.015429+00;60;
46da6f24-65f2-4bcf-92c2-0585961d94b3;e00817e6-5ca5-4105-80ac-abd946afa4e0;2027-07-15 13:00:00+00;upcoming;2026-05-31 22:35:54.015429+00;60;
ba3e9af7-5d97-40e5-88e2-1a8e415305b5;e00817e6-5ca5-4105-80ac-abd946afa4e0;2027-07-29 13:00:00+00;upcoming;2026-05-31 22:35:54.015429+00;60;
077233b0-faf2-4d45-9e69-80889f598d84;e00817e6-5ca5-4105-80ac-abd946afa4e0;2027-08-12 13:00:00+00;upcoming;2026-05-31 22:35:54.015429+00;60;
65b00a78-e530-483b-b858-2c9a591f0ff7;e00817e6-5ca5-4105-80ac-abd946afa4e0;2027-08-26 13:00:00+00;upcoming;2026-05-31 22:35:54.015429+00;60;
bbafe03d-fc26-4797-978b-cdec6958ff1c;e00817e6-5ca5-4105-80ac-abd946afa4e0;2027-09-09 13:00:00+00;upcoming;2026-05-31 22:35:54.015429+00;60;
eed34b26-5adb-40c9-b3e2-9c53d30ce813;e00817e6-5ca5-4105-80ac-abd946afa4e0;2027-09-23 13:00:00+00;upcoming;2026-05-31 22:35:54.015429+00;60;
96a308ec-973b-4c43-88d2-9fbe689cebb8;e00817e6-5ca5-4105-80ac-abd946afa4e0;2027-10-07 13:00:00+00;upcoming;2026-05-31 22:35:54.015429+00;60;
57a02f6e-5cbd-43e9-8f53-2508925a3ac9;e00817e6-5ca5-4105-80ac-abd946afa4e0;2027-10-21 13:00:00+00;upcoming;2026-05-31 22:35:54.015429+00;60;
b355fda0-9468-4dc5-81bb-61f80aae8f04;e00817e6-5ca5-4105-80ac-abd946afa4e0;2027-11-04 13:00:00+00;upcoming;2026-05-31 22:35:54.015429+00;60;
eb717469-f93c-4c2b-bfc2-271ba2a156a6;e00817e6-5ca5-4105-80ac-abd946afa4e0;2027-11-18 14:00:00+00;upcoming;2026-05-31 22:35:54.015429+00;60;
38f79e96-7093-4d7e-a555-ff3655c4bd58;e00817e6-5ca5-4105-80ac-abd946afa4e0;2027-12-02 14:00:00+00;upcoming;2026-05-31 22:35:54.015429+00;60;
d92eff98-db48-4fc9-8e80-3ad187345984;e00817e6-5ca5-4105-80ac-abd946afa4e0;2027-12-16 14:00:00+00;upcoming;2026-05-31 22:35:54.015429+00;60;
3e331156-f26d-481b-a62f-adaf01834b43;e00817e6-5ca5-4105-80ac-abd946afa4e0;2027-12-30 14:00:00+00;upcoming;2026-05-31 22:35:54.015429+00;60;
7798e6e8-c59d-46db-877a-1f7b56c26cc8;e00817e6-5ca5-4105-80ac-abd946afa4e0;2028-01-13 14:00:00+00;upcoming;2026-05-31 22:35:54.015429+00;60;
850e8c3b-9f96-41f7-8e9e-dbaa22e7c5ee;e00817e6-5ca5-4105-80ac-abd946afa4e0;2028-01-27 14:00:00+00;upcoming;2026-05-31 22:35:54.015429+00;60;
718b4680-fffc-4936-9243-907cc4f8f78d;e00817e6-5ca5-4105-80ac-abd946afa4e0;2028-02-10 14:00:00+00;upcoming;2026-05-31 22:35:54.015429+00;60;
85460b96-47d1-4ca0-a707-84daecab5e84;e00817e6-5ca5-4105-80ac-abd946afa4e0;2028-02-24 14:00:00+00;upcoming;2026-05-31 22:35:54.015429+00;60;
877d4fb8-63b8-47c2-a2d1-765f9026a7d5;e00817e6-5ca5-4105-80ac-abd946afa4e0;2028-03-09 14:00:00+00;upcoming;2026-05-31 22:35:54.015429+00;60;
4848950e-c63e-4ce9-8230-838e94a05eee;e00817e6-5ca5-4105-80ac-abd946afa4e0;2028-03-23 13:00:00+00;upcoming;2026-05-31 22:35:54.015429+00;60;
76f900bf-28d4-47a6-b978-9ea79a0c7e18;e00817e6-5ca5-4105-80ac-abd946afa4e0;2028-04-06 13:00:00+00;upcoming;2026-05-31 22:35:54.015429+00;60;
93d87233-acd8-47cb-a91e-5b232ee6f5eb;e00817e6-5ca5-4105-80ac-abd946afa4e0;2028-04-20 13:00:00+00;upcoming;2026-05-31 22:35:54.015429+00;60;
fab9706d-f154-4c44-b9ee-29a0fae7adf2;e00817e6-5ca5-4105-80ac-abd946afa4e0;2028-05-04 13:00:00+00;upcoming;2026-05-31 22:35:54.015429+00;60;
ab3ee530-f6ca-45ab-bc5c-9f79639d4285;e00817e6-5ca5-4105-80ac-abd946afa4e0;2028-05-18 13:00:00+00;upcoming;2026-05-31 22:35:54.015429+00;60;
68a3212b-cba1-45c2-9e0c-9d6d89925f65;e00817e6-5ca5-4105-80ac-abd946afa4e0;2028-06-01 13:00:00+00;upcoming;2026-05-31 22:35:54.015429+00;60;