id;user_id;role;created_at
36faf05f-27d0-4482-a53f-1feb202d1a65;30396d90-0b14-4ecb-b892-1342810d1bd5;attendee;2026-06-12 14:41:01.584437+00
a1afeb4e-0ad1-4681-aa0c-ccded75196db;93f0ef9d-d7b1-42b2-b163-db317ce69be3;attendee;2026-06-12 14:41:01.798783+00
879a6e20-9fb5-465a-8b9a-3b7f3c4ce153;afcd4ff2-2084-4c16-abec-d46ac79f5f79;attendee;2026-06-12 14:41:01.964177+00
83216090-b3da-4691-bc37-bf772f059ce3;46c4c022-d0c9-4c23-b2cf-cf69fb8113ab;attendee;2026-06-12 14:41:02.121056+00
58067380-838e-4e04-b0c5-88210a90bb4b;f0cce2e1-4b2f-491b-bb5d-7d03e0876330;attendee;2026-06-12 14:41:02.282861+00
390bccb5-28aa-4ec1-ae3f-a733481c640b;e46329a1-7372-425e-a9c0-11c0b1db4f34;attendee;2026-06-12 14:41:02.442828+00
3edf1adf-69cf-4ced-a7cb-c894882e3945;d38ff05d-7b9e-4a1a-8e61-4df10063b621;attendee;2026-06-12 14:41:02.603853+00
73ef8def-fec6-42e1-a22c-a72c11378944;3445757d-54ff-4d33-8bab-3bab694285c1;attendee;2026-06-12 14:41:02.75984+00
3814f28e-258b-4506-a058-54ed603b1834;73bf112e-ab6f-471e-8f15-7a5554c1abe8;attendee;2026-06-12 14:41:02.916899+00
ded5dd98-e005-4bb1-9105-a559159c835c;85fafa41-2f3b-42b5-bb45-0693cdc35317;attendee;2026-06-12 14:41:03.072001+00
d1890fa2-8648-4c1f-aa00-42fb395c55e8;bcc25e07-d215-44cc-924c-447f4a07b785;admin;2026-05-19 15:34:20.497826+00
f10e8697-c277-4539-88b5-de6edea3b672;e31eb72e-7c2c-4081-9b93-75b121c322c6;attendee;2026-06-12 14:41:03.22307+00
cc8a1540-82d1-4935-807f-036213470c20;70181b45-bdb5-4589-b4d0-eaaced2881e7;attendee;2026-06-12 14:41:03.3869+00
8e41d394-4c1f-4032-83e8-ebb3251d0994;4f00e15b-3236-4956-ac56-9852c3571b72;attendee;2026-06-12 14:41:03.539346+00
48075feb-857f-4858-a8fc-8c7689d345db;9f63a60c-8762-4501-8709-cb7dd9839395;attendee;2026-06-12 14:41:03.691777+00
86714e5b-02f9-4a01-85fd-195cb6856839;106966a8-49da-4979-8128-cac4c3f18717;attendee;2026-06-12 14:41:03.848498+00
93cf39a7-d69e-400c-97e9-bae9883bc926;b8fd821c-6f60-45de-a566-7bbcaf751840;attendee;2026-06-12 14:41:04.000824+00
ab578a0b-9fc4-48d5-a986-db84da970039;3960c15d-64c4-4706-b0b0-717e2fda5ca0;admin;2026-05-21 16:30:16.451409+00
4ac84a11-f5a9-4b84-94d8-c79ec2cb77d5;5470ed47-a479-458f-ba1f-a484eed07966;attendee;2026-06-12 14:41:04.155986+00
315a86ff-ba20-4c1a-a5d8-f97bd8c65e19;c6d1efa2-3b4c-49c3-9303-ef6ec6ad6844;attendee;2026-06-12 14:41:04.311437+00
9c534ec6-72a1-43e7-8547-c14263f368ff;7d327e62-d2fd-4e0f-b568-1cedddd6d844;attendee;2026-06-12 14:41:04.482415+00
e051ae10-546e-46e1-aea7-c813f0f2cba4;22ae45d8-1655-4823-9888-03033f6809c5;attendee;2026-06-12 14:41:04.635858+00
958e27a2-36f1-46e6-a8d5-9dfcd006effc;6aa1e8fb-8206-4950-a17a-a6e4620976ee;attendee;2026-06-12 14:41:04.78473+00
c0365952-7d69-4d1d-9c23-50a725d23dd7;fb1cd4e3-6cd7-4644-b57e-1944a9f9184e;attendee;2026-06-12 14:41:04.941467+00
bc72e229-f402-473e-901a-f0ce56bfc4aa;f6db402f-ed5a-4a49-b6db-04a165963e80;attendee;2026-06-12 14:41:05.094564+00
0699665e-1e2b-47c0-a6b6-8e99d021f426;f35b4ae7-b2d9-44d0-946d-1f4bf45f5cfa;attendee;2026-06-12 14:41:05.250391+00
e17b6108-df7f-412a-bd91-1936a370a252;948899bb-83cb-414e-adba-61737b74a49f;attendee;2026-06-12 14:41:05.403884+00
7548c6cf-b6b6-4209-b7a2-46306370623b;7110aa2b-a39d-430c-8379-0fe623286daa;attendee;2026-06-12 14:41:05.559166+00
78d0ec1d-e5f6-4f1c-9139-7df886a7bac6;f95b14ba-dc32-4249-9f48-b3ee66601fd0;attendee;2026-06-12 14:41:05.713093+00
4862a9f9-72fd-4842-a8f1-cab3c3c3ac2e;cd662b1a-9a15-48a3-b812-3fdbcd5fa476;attendee;2026-06-12 14:41:05.920497+00
c8993d09-6b3e-4ec1-ae57-583c1509c688;89177532-0d58-4699-a276-ef5893c65621;attendee;2026-06-12 14:41:06.073121+00
3abe5b92-3068-466a-ae32-1043c1b0dd41;69b6cd8e-39dd-4ed0-b0fd-78f189220a2e;attendee;2026-06-12 14:41:06.227179+00
dba7cd8f-968b-4142-9dd1-eacd4c5c5acc;f1d7fcc2-4e1e-4324-9e3c-044a62e65f38;attendee;2026-06-12 14:41:06.385338+00
a1f6c47f-71da-4b97-8e6a-d4d522507b49;f93a14b8-5665-4fb5-9239-676f10b932d8;attendee;2026-06-12 14:41:06.568494+00
da80da2e-28d1-4b4b-9c93-74d06a2fa135;db344374-c27c-4045-85e3-5ed526e1af5a;attendee;2026-06-12 14:41:06.724183+00
fd5cd3e8-0779-4aa3-9546-c8db59c9757a;0bb01b55-f710-4771-a150-8681f2ecf0bb;attendee;2026-06-12 14:41:06.875581+00
dad790d0-7a9b-45a0-bde0-ebba76770493;5349fb24-871f-47a2-a28e-43d3d6b3b36e;attendee;2026-06-12 14:41:07.03094+00
2bceed55-e3f8-4277-952e-6cdd22f7dda7;a2f94981-c6eb-4a31-8b00-84cbb4253375;attendee;2026-06-12 14:41:07.196344+00
4d9f7bee-109a-4fea-aa9f-54b8ed4fb5f6;15a199a9-aded-4e8d-9bbc-6c680d62c846;attendee;2026-06-12 14:41:07.352551+00
952b0bdd-d17d-4d3a-a26f-f4dfe7d9790f;18805762-5a95-473d-9ddf-9fe2ed3316dc;attendee;2026-06-12 14:41:07.509632+00
d0a5cf83-3a29-4800-9fc3-5722d04b7eae;5da27ea6-d15e-4c8c-9b5d-821424f7f00a;attendee;2026-06-12 14:41:07.669456+00
41c11912-8151-432f-9d38-94b304ce581e;ca79c399-e8c9-40e5-be3f-8f76c10db449;attendee;2026-06-12 14:41:07.821083+00
4034fcd0-62e0-4dc2-a6cc-fa444f63f564;410b0975-9e39-4973-895e-c791de9a784d;attendee;2026-06-12 14:41:07.971985+00
4f217acd-17ac-488d-a9b8-a87af425daa2;91db106f-8900-4e6a-ac2b-f4dc60637c5c;attendee;2026-06-12 14:41:08.134704+00
c5e3594a-96bf-47ca-9af7-c17af50f7f41;ad707edd-529a-4ea0-bd66-87a01fb31e3d;attendee;2026-06-12 14:41:08.285814+00
87eadaed-e8e1-40c5-ae92-d1cebc338656;e3d7532d-ff3c-4b0e-a4a8-357a3fe0b9c7;attendee;2026-06-12 14:41:08.44832+00
a5eeefa9-808f-4835-b571-efa8a393ecf1;75de94b5-df81-4e93-b874-c6369e010f28;attendee;2026-06-12 14:41:08.599523+00
84393724-2187-4669-b4c4-160a5171ddc5;78d8a327-e828-4721-a29c-2fae0e11fa04;attendee;2026-06-12 14:41:08.754468+00
a8571613-a4c0-4b0b-9911-9556832edfd6;cdd22065-ff0d-42d2-955c-42254021bb0e;attendee;2026-06-12 14:41:08.912994+00
6b74dda8-b937-4d47-b787-9d597026b595;68bdd512-84b1-469b-adb7-47106d1a63a2;attendee;2026-06-12 14:41:09.065004+00
eed48250-cfca-423f-a7f0-7cd920518d6c;9d07cf50-6213-4904-9219-1c9efe063cfd;attendee;2026-06-12 14:41:09.216427+00
f3ed6311-6ba7-487c-b5a9-ae70bb495f29;b16cac15-576c-451e-ac11-3ce8f58a2b20;attendee;2026-06-12 14:41:09.372653+00
0f00dcbf-9a1b-435c-99c0-a18339993969;1e9e3af8-ba98-4e77-9d74-ce613ebd0e81;attendee;2026-06-12 14:41:09.55813+00
13cc8c7c-a060-4306-a718-8f88721915c3;ba2de7e7-6233-440b-854f-7966e11aeebd;attendee;2026-06-12 14:41:09.71218+00
c314a9a4-96f5-4dd8-858f-8cea40469926;18086caa-1d3f-4ea1-8081-a0838179b2ad;attendee;2026-06-12 14:41:09.865834+00
fbaa5744-8844-4b4e-a811-9f9fc9d7d8d3;aea2e884-6c2b-4cbb-86ce-8c39f9d58bd0;attendee;2026-06-12 14:41:10.019027+00
1f7c57b6-54a5-47b3-beed-fdfb53e95dcc;9f0de231-1bd1-4c3e-a42e-5406a4eb0adb;attendee;2026-06-12 14:41:10.178033+00
0e85f411-4a77-417a-afc6-055202688cc0;1b1e865c-279a-466a-801a-5938a016384d;attendee;2026-06-12 14:41:10.334149+00
d1b1d2bf-fc1d-48b7-bd2b-87a664f910c9;6ea05744-17a7-4c1d-85f5-0b44beefc1d4;attendee;2026-06-12 14:41:10.491505+00
901cb40a-bb3a-4577-a1c2-e611728368c1;f8829010-faf1-4a5c-9150-fa4f7cd28b9b;attendee;2026-06-12 14:41:10.647273+00
c1606a51-0966-45c7-91ab-441029239630;21b8bf2d-6bfc-4ff4-b935-3f5e516a8fe6;attendee;2026-06-12 14:41:10.805107+00
30bb26c6-f600-491d-83c9-fccd63110229;2eb9a1b7-898c-45b4-83f1-ee6b3de0b3f4;attendee;2026-06-12 14:41:10.955785+00
7c791ad0-6e50-4b98-9417-81f405513ec2;7360ef3f-b89b-4778-9c9a-986702a417c9;attendee;2026-06-12 14:41:11.111712+00
487778a6-36bc-4503-946d-fe0f3c1fa75e;5d209cf6-416e-47c4-b81d-aa6c708d39dd;attendee;2026-06-12 14:41:11.294909+00
c1f937ed-2455-46b9-8e2d-e85ab56220bd;ab3489f0-b455-473d-a8b6-3ada820a13a7;attendee;2026-06-12 14:41:11.453685+00
54bcd693-929b-485d-a67d-5d04ec8a6bec;c4779b9c-cb07-4071-9d2e-7e41ab652beb;attendee;2026-06-12 14:41:11.60988+00
b8be9a67-df2a-47ff-ba7a-e3b664c889af;d99e95bb-cd25-4002-9d29-9bd1284debdc;attendee;2026-06-12 14:41:11.765441+00
eea049c4-6723-4e53-a9c0-cf932ba2c105;4d0b215b-787c-48b3-8fb7-b022436deff3;attendee;2026-06-12 14:41:11.924591+00
f8b0e15b-1e25-40e8-8111-2ee849c1746c;c2fc3ee1-9b39-4527-8cde-31cf4728aa81;attendee;2026-06-12 14:41:12.077193+00
03f1c4c6-5e53-4200-925f-523aecb4df5a;a4699384-cfeb-4b2e-aa98-f0d45cfab41e;attendee;2026-06-12 14:41:12.231723+00
d5bbd129-722c-4a48-866e-e8065a92b768;23c6f35a-d1d3-43d6-90d1-331bdee2aec9;attendee;2026-06-12 14:41:12.384396+00
e31cd109-5245-4bcf-859a-d6e6380eccff;60259ee8-fc6f-4bfb-9701-e2f981dc5273;attendee;2026-06-12 14:41:12.545898+00
19a6639e-b3d1-4e53-9f84-786ec351dea5;778578b5-8979-4f0e-b208-2f7825a54d09;attendee;2026-06-12 14:41:12.702713+00
0beb0210-c015-4202-83df-cb04a8e04e4d;14728fc0-a0aa-48d7-a116-f66020683dab;attendee;2026-06-12 14:41:12.858936+00
a98ab7c0-1d86-422c-a609-76ad63739200;16e60115-4f7d-475a-86c4-726b235ff0c7;attendee;2026-06-12 14:41:13.014569+00
6554f05a-50a1-4b69-8b0f-a59c457ec191;c0e4444d-5fa4-4d5c-92c1-805d1555abce;attendee;2026-06-12 14:41:13.177031+00
20d3b464-b0b7-4dd2-8faf-4cd22bc87509;46e9ce43-a3c3-4210-932d-603657be508e;attendee;2026-06-12 14:41:13.333559+00
3c0cbb7f-139e-42a7-a8a3-a9184b27cd2a;c8141797-f933-4874-95e5-e84ddd433522;attendee;2026-06-12 14:41:13.493011+00
b29e64cf-33e5-4c60-a2ce-b93bec83831e;262b3297-9b51-40c7-ad78-3b116beabe21;attendee;2026-06-12 14:41:13.645388+00
40abc146-5d4b-4e3d-a9f8-41897a9625fe;a6a1d8cd-4977-4926-a93c-4f853a312a69;attendee;2026-06-12 14:41:13.807753+00
01daf210-41f5-410a-ad92-30b037c6e268;10e1228e-3262-4373-b031-64d02ec02f71;attendee;2026-06-12 14:41:13.961331+00
8dd1cfbc-cab9-436b-88a8-ed50afd4f841;7f418b61-a656-46b7-a1b0-1a859eece0e7;attendee;2026-06-12 14:41:14.11407+00
92bebf4e-ea83-4b3c-9fe8-69d01635256e;ce36c77c-578f-4eaf-83bc-8f825f248bbe;attendee;2026-06-12 14:41:14.298081+00
974f5cee-ab83-49c9-9988-bc1e40c248bb;b16e865e-e820-42ad-9f9c-c5baf85fddac;attendee;2026-06-12 14:41:14.452975+00
119c3a98-dd47-4f39-847e-a41b64d0d26d;269cbe64-063d-46d8-9edc-21c1d29fb75d;attendee;2026-06-12 14:41:14.606349+00
c6095c17-e60f-416a-9f40-8fa07c7de550;1ea16614-469d-49b3-b6ac-b23d20b99dff;attendee;2026-06-12 14:41:14.765431+00
c6383852-cabb-4bbd-8ca2-73b10596bf95;51e15f32-4adc-4c15-bb0f-53b9946fe556;attendee;2026-06-12 14:41:14.922208+00
eb95b73d-fc2b-43c5-ab84-a8abbc415cd0;8f5abff7-05e1-4dcf-934f-a427303ba0a1;attendee;2026-06-12 14:41:15.077527+00
b7fe55f4-4cfc-4f29-b425-094eb995c0c7;7f37ce55-bfa0-45bc-b17e-9b1e60103d2c;attendee;2026-06-12 14:41:15.230512+00
edf46616-631a-438e-9956-e26243fcfa00;c65a2449-ff1b-4da4-b778-87fbe6418e1b;attendee;2026-06-12 14:41:15.383972+00
93ad599a-e6a7-49e8-9225-1cbd5b45b2a8;a1523ca7-0db0-46f3-91aa-c132dfb2821d;attendee;2026-06-12 14:41:15.534007+00
f4691ee9-8269-4399-9898-8fd500033207;5a76f6e0-185f-44fa-bddd-0d69fc68201b;attendee;2026-06-12 14:41:15.690719+00
2edf40f4-9339-4e3e-beb7-d62a5a969699;d3cd1d01-3c6d-4ee3-98ea-d05c4b283fd5;attendee;2026-06-12 14:41:15.848075+00
31d72a55-d589-43a8-b656-aa71c0bba360;ff11fabc-ff14-4e11-9f9e-e9fd4198e31b;attendee;2026-06-12 14:41:16.001632+00
8e1b3ffd-073d-46e2-b36e-f933b5083b56;d61320bc-4a53-428c-9aab-d830637a264e;attendee;2026-06-12 14:41:16.150539+00
d6a96449-dacd-41c9-9dc3-95f0825bf922;bda2094d-6587-41da-991b-a600be125ead;attendee;2026-06-12 14:41:16.303481+00
8d8d7d56-e19a-4406-9d05-06c9fc5d2815;d4df8aeb-1364-41e8-b29d-871d904b61cc;attendee;2026-06-12 14:41:16.45543+00
8b7a167d-0073-43aa-8b55-68c2fd78f6d1;6db24d02-b626-401c-afb0-fa86fa448789;attendee;2026-06-12 14:41:16.608079+00
4388b6ac-7e49-4415-aadc-0a00d98b379b;cc9c3429-8d57-49ba-a659-922c24d4c9be;attendee;2026-06-12 14:41:16.758674+00
e7816137-82d0-4a9d-90ad-124728318a1f;601b1cc3-161f-4e11-aa92-e93b42515026;attendee;2026-06-12 14:41:16.923308+00
04408f47-762b-452e-95cc-4950303470de;ba324abb-5b67-46fd-bce4-5401de6b6528;attendee;2026-06-12 14:41:17.07634+00
cc5da82c-c8eb-428c-9761-4eab44ec9fc8;476cf114-d7a2-4171-8700-911a79d8df1b;attendee;2026-06-12 14:41:17.229835+00
73fbbe6b-8ad0-4596-ada4-b36030037fc2;7b049f62-6fe2-4662-89d5-1abdd5c3f040;attendee;2026-06-12 14:41:17.382075+00
06be088c-f0e7-4fd4-a9d5-8db3a2b05057;647e138d-b07b-44d5-933f-344b13c507c1;attendee;2026-06-12 14:41:17.552776+00
6a91d045-43ec-4662-b4f2-0594912cc897;d3279dd4-d7bc-4ee2-aea6-a321ebeb4575;attendee;2026-06-12 14:41:17.708889+00
92d1df7e-711b-4824-9de4-db5ed7e1fa16;e8600cba-0f7e-479b-b4c0-60e77c4c7e7f;attendee;2026-06-12 14:41:17.858006+00
b31b3798-b31e-4297-8ae3-2451e93a507e;67cdc95c-b237-4cd9-953d-9ca6a010e082;attendee;2026-06-12 14:41:18.007295+00
d8500c2d-61e3-46ec-bed1-5c238caf0dae;d82cd48f-7d9c-49da-8f63-de8da2669799;attendee;2026-06-12 14:41:18.158196+00
034a31c4-a004-4bc8-8448-f29ae2f4c92e;a539fc6c-41be-422a-ae21-57ea95047ce2;attendee;2026-06-12 14:41:18.309451+00
e23b6973-165b-4cb8-b582-e5677776bb08;b610d6f0-9ebe-4400-a61b-e3af0a19a296;attendee;2026-06-12 14:41:18.462954+00
176f6f9f-c59d-456e-ab3b-65fe3df9c315;383a43b3-0021-46ea-b6fc-1d2badd745a2;attendee;2026-06-12 14:41:18.616214+00
b137e1d2-33ea-4941-8b33-e827c5baa447;ad90a7e1-b20b-455c-af5a-1f7611fd4c8e;attendee;2026-06-12 14:41:18.773667+00
b39885f8-2819-4f62-8a96-217a6cdc5222;aa35b6a2-4e49-4993-b986-4f721b6c4cc8;attendee;2026-06-12 14:41:18.938561+00
3b33a9a8-5e32-47b6-b950-f5e2c1dd7fa8;1dc024fd-cb1f-4dff-b323-6b9de1780089;attendee;2026-06-12 14:41:19.091252+00
0db19bb6-c92e-4cef-b378-5ec4dfbb0133;fe2c1f3d-ac22-468f-a172-c62b9171ee25;attendee;2026-06-12 14:41:19.242057+00
8b0bd0cd-a320-4db2-86ec-72472c321930;bf0cd209-8e1b-45e3-907c-ef17c4a13484;attendee;2026-06-12 14:41:19.394991+00
7c944c9a-091c-48ad-a52e-c538489d801d;c445dcb1-a250-45f5-a855-d1e5e5444eb1;attendee;2026-06-12 14:41:19.550781+00
c72ea85b-8b12-4910-b41b-8fb658d4bebe;12dac5d7-d8ec-4268-91c6-00e7148fe68f;attendee;2026-06-12 14:41:19.70358+00
fcd3b0e9-56eb-4460-b124-530a43cc3ce0;dd55ae64-576e-41e1-9138-b9b9276079ec;attendee;2026-06-12 14:41:19.855808+00
5d5074f1-08e9-42ab-abef-cade2c2fa2fb;3c8a1751-9722-49c3-a13d-cad4627550a5;attendee;2026-06-12 14:41:20.008338+00
15cdc3f6-513c-4fb5-a538-39b6a7aa12bb;c5d4010a-ff04-4193-9496-e31b440201f1;attendee;2026-06-12 14:41:20.162683+00
3302dfb3-f281-4cf9-b0da-f0e61a78296b;8ad44c7d-0efd-42ce-b2c3-589e6e848c96;attendee;2026-06-12 14:41:20.312854+00
2878650c-a125-4cf8-9945-ce29b6b99156;2f3630a8-dacd-485d-b5ad-73bd8829444e;attendee;2026-06-12 14:41:20.46776+00
6cb23a8b-d7c8-4a79-8533-af0e3ecb9389;68b96824-386b-4297-9497-4924f9b03fae;attendee;2026-06-12 14:41:20.62576+00
529599aa-ae57-4315-bdaa-dd96f92cdcf9;260f9e2d-20c9-4c43-a58a-57899cc4b015;attendee;2026-06-12 14:41:20.781183+00
151cfbce-9f3d-41a5-87c0-0676c64b3124;11d7dc87-7241-4dd3-8339-030745f45895;attendee;2026-06-12 14:41:20.932059+00
e6cae374-304b-41bd-b2f9-2bf9e4828b5c;eece6519-1011-434f-8c39-1968a6a7a910;attendee;2026-06-12 14:41:21.085644+00
a28443c2-9574-405d-a974-93d73d226cb8;b44f61e2-f88e-48c1-a87d-2dcbf8e8ee0e;attendee;2026-06-12 14:41:21.23838+00
e999ddbf-a5f6-4fa5-99cf-21e307d07c59;ec54b03b-4764-4ccd-90a1-6f9f62812b10;attendee;2026-06-12 14:41:21.388043+00
884ae7f2-852e-4774-b54d-7a3092495e9a;de2a3ebb-5505-4190-9d05-3689dfb41d76;attendee;2026-06-12 14:41:21.544052+00
4477ff6d-cfe8-4dbe-9b42-ec148fc2a7cc;98a4bd87-ee94-447c-9b10-d80dac802e73;attendee;2026-06-12 14:41:21.69934+00
04b0f8a5-fea1-4865-a346-1e3d1f39cb03;c6f2107e-1d7a-4e60-8b6c-ca2f884b4a09;attendee;2026-06-12 14:41:21.855699+00
207c1189-bce6-40c5-8872-26ce219eb858;b21bb80a-eab4-40fd-9fb7-df8705b0b4af;attendee;2026-06-12 14:41:22.007348+00
8e58a1ae-7848-45fa-8820-d3df1d45328e;bda137f3-fefa-4fdb-9b41-ecb86e472f12;attendee;2026-06-12 14:41:22.163439+00
314672fa-f7e0-411f-bdfa-0ebc38a11671;b9294ac3-f6e2-47d6-a49b-e0dc7bdb0ba8;attendee;2026-06-12 14:41:22.32151+00
d618dbd7-faa4-40d6-b660-faa609b63ef2;06f0838b-c8f0-4b69-801f-79352f6cc2ef;attendee;2026-06-12 14:41:22.474881+00
a5e306c2-f1c8-4457-be3e-9b862bafe605;5752326b-5a10-4562-87bb-4ea595663f04;attendee;2026-06-12 14:41:22.624896+00
ad6ff01d-276d-4abb-b891-fbaa2cc0482b;7871e200-2929-4894-910f-a51e1c1eb977;attendee;2026-06-12 14:41:22.776333+00
191304ac-7164-4397-9dc3-6ff085fd7d46;f7437555-d3cb-4e14-8a62-f4e3d02e9504;attendee;2026-06-12 14:41:22.930189+00
da4b8fc6-f89d-48ce-aa46-ed8fca08d44d;1a383914-dc8a-4176-8f64-9d58d8eaad48;attendee;2026-06-12 14:41:23.077541+00
944845b6-13ab-4fd1-be32-50041cf93fe0;9aca759a-a7b3-4723-8f17-f4ace2106c8f;attendee;2026-06-12 14:41:23.235002+00
29e7bb47-ad27-4355-a15b-b93da78035ed;b4dec554-e6c4-49bb-a343-e0fa0fd108a2;attendee;2026-06-12 14:41:23.392111+00
0df5f067-f51d-4166-ab62-e689cf775da0;73add451-4eaf-419d-94f4-845335e81988;attendee;2026-06-12 14:41:23.547797+00
3472fb60-a598-480a-9d20-ea49f2550a7c;a0275be5-665c-4eaa-925e-9eabff53fbb7;attendee;2026-06-12 14:41:23.720311+00
54aae5ca-c6ee-4c63-ae74-25ef424b2572;c2b55b70-337e-42a7-825d-4f5c15073811;attendee;2026-06-12 14:41:23.869033+00
a0ece4bf-f879-421d-bf73-d2b198ac23b0;89b781a7-abd4-4d0f-9a29-e27d7984922e;attendee;2026-06-12 14:41:24.022751+00
7bc18ab5-0167-4d4f-8eb6-dc0bc1bdca75;fdd266b0-880f-40da-b8e9-6f11dc2338aa;attendee;2026-06-12 14:41:24.178853+00
1e9a178c-094a-4d9f-8e27-a33c05e4682a;e47eb27a-d554-4224-942f-cd3a2ab12bae;attendee;2026-06-12 14:41:24.328193+00
4a63407b-66ec-4f20-9949-741ee9c9e08a;39855d66-f153-470d-bbbe-e786e4158134;attendee;2026-06-12 14:41:24.480801+00
d63db091-b54b-4306-94b8-6666e5e08066;a8fa911a-ce6f-481a-b616-dff4ef797877;attendee;2026-06-12 14:41:24.635891+00
0b6cf6e1-e17e-488f-a431-cda2fe90e385;2bf4f2ba-f7e7-40ab-a67e-be3992edb6fb;attendee;2026-06-12 14:41:24.789051+00
057a9dad-7ae7-4a32-a9dc-49dcb1e1ef7a;c10845a7-6e7d-4310-a77f-8fee0f9cd477;attendee;2026-06-12 14:41:24.945205+00
cf3261cf-bb72-46c5-b0dc-091222245c8b;14d8201d-35a1-47d9-bb1b-207ad74adc73;attendee;2026-06-12 14:41:25.095774+00
37b8c109-09df-401c-86a8-dcaa9fc3eb6b;b3ab131d-6852-4e63-9a97-a9e74f5720ff;attendee;2026-06-12 14:41:25.248312+00
655bc2b9-c619-4eb4-a66e-daa35aa67199;8f6dc202-c309-42a5-8f96-0c794556f967;attendee;2026-06-12 14:41:25.398488+00
7ce2dac3-cf8d-4249-bc5d-27cccced47b4;b7e2cd5c-60ef-4602-9983-04af82ac320f;attendee;2026-06-12 14:41:25.551913+00
35a56dfa-cec2-4d3f-937d-c816d126c5d5;9b94d632-c9b6-477f-b7ba-cbd0961a6e7f;attendee;2026-06-12 14:41:25.706725+00
a130e70c-4a64-4413-9e72-f8eacd6fd1d3;e2384020-a845-4271-80bf-c785057fce40;attendee;2026-06-12 14:41:25.855712+00
73fe6679-60d8-40a5-b38f-ffaf3e7b2014;6b4fe9e1-edd7-447b-af4d-91311c39edb5;attendee;2026-06-12 14:41:26.004099+00
2bac2c9e-afa9-4b67-ad66-3f70a9c8c8ec;2c3b5054-a262-45be-bf98-cf41ba30eac4;attendee;2026-06-12 14:41:26.157004+00
35966eae-d27a-4ae0-bb29-f2c87adcef40;25453f48-dee9-4f8e-82fc-f9d65d9f2f87;attendee;2026-06-12 14:41:26.309355+00
64fe5464-f346-44e2-a9a4-bd0265aed54a;0e523546-85a7-4838-a7d5-f00cc771ffbe;attendee;2026-06-12 14:41:26.467257+00
a98217f5-7e57-4d70-9d2a-86a567ee4466;1b999173-ede5-4f58-980e-98d46b5c3f70;attendee;2026-06-12 14:41:26.622948+00
c10fb106-f5b3-48fb-aa85-6576ce724a23;70fee934-e632-4565-bb95-fab82ad537c6;attendee;2026-06-12 14:41:26.788454+00
22975977-e3c9-400e-9f89-4aae2700ce30;b06d4600-a403-4606-abfa-db59db70c745;attendee;2026-06-12 14:41:26.943626+00
7ec68a5b-db9f-446e-a19d-bd73dc4bc079;70181e2e-cc6e-4006-a36f-99bfabd09157;attendee;2026-06-12 14:41:27.098999+00
63d8adbc-61f4-4f7a-a569-199374787eff;2265ea42-268d-483b-adf7-6b22151e82ae;attendee;2026-06-12 14:41:27.249688+00
81f90c9c-fecc-4297-a8a8-7fd3c1331cca;bf2cd794-4d0c-4003-9b91-12ff8dfe0d1b;attendee;2026-06-12 14:41:27.401852+00
22d5b2b0-4c64-413d-9306-f3fc84b93f01;fca45e68-0f80-4b5c-af36-52d8a9b35bc9;attendee;2026-06-12 14:41:27.552647+00
1bd0bd7f-6f63-4d18-9fbc-ba9ad8b4abdd;69c23294-cb25-4412-b423-a6f8150a7c0f;attendee;2026-06-12 14:41:27.706961+00
81728bff-00d5-4d44-845c-2ad107efb8ed;e9536ddd-c1d0-4486-a886-78828d54995b;attendee;2026-06-12 14:41:27.858696+00
6a8bfa11-5aeb-48a3-85fa-44aea72b2e5e;66fb1b2e-123f-4b24-b7e4-606dd64f5ea8;attendee;2026-06-12 14:41:28.011795+00
b63c7257-e9bf-4e5e-97a4-35f177166d0b;d4d1474b-a02f-4a3b-a691-68523b8d0856;attendee;2026-06-12 14:41:28.161328+00
228c8ead-abd7-4d14-a78e-a010cfba77eb;f824382b-d217-452e-85c1-b883c236f97b;attendee;2026-06-12 14:41:28.325392+00
598e490b-f6b3-47c1-b698-9d61fcc40377;7d12754a-0665-4bf1-9306-2ea500e4fa92;attendee;2026-06-12 14:41:28.486499+00
d2dee6f5-e834-4f3d-8361-b58d946d207f;77935894-1428-4fe3-be63-8b0f46a895c0;attendee;2026-06-12 14:41:28.639141+00
fb2f484c-2c9d-49c9-8c85-1d00e086b816;76a8e73f-48f3-46ef-adb4-9060c2cf7f3b;attendee;2026-06-12 14:41:28.794166+00
991a4a73-1984-4ebb-9b11-13c89ed51ced;93f30f04-d185-4a3a-a042-66f39279b226;attendee;2026-06-12 14:41:28.949204+00
b5164c10-fae7-4b79-86a6-7efbbaac3923;a1c0d2c6-6712-4314-a2bb-a7fd7ffea6da;attendee;2026-06-12 14:41:29.101355+00
2943d10f-8c00-4d3a-9533-b80108210f84;cfbe7410-c7d3-48bd-8d6f-f4c1b5122218;attendee;2026-06-12 14:41:29.25713+00
cc21b167-5322-44f8-b2ee-ef61e8e49886;c601abb0-74f7-42da-81eb-0093c9f246bb;attendee;2026-06-12 14:41:29.423817+00
9d88c767-06c1-46fc-a1ee-7f4697d01fd8;caa0dfd6-d59f-470f-a998-dff326434652;attendee;2026-06-12 14:41:29.578024+00
89a30cde-2056-467c-8f7e-7b72a3aa5b05;96d3bd65-ed21-4935-8283-60c8ef21455b;attendee;2026-06-12 14:41:29.727724+00
f604b0de-0743-492b-9cda-97b64957261f;8fbd5cac-d353-47e4-9822-a0e6369f7abb;attendee;2026-06-12 14:41:29.885218+00
4d58036e-11c7-4278-a8cf-6df1fce6b431;845004ae-012f-45aa-8b12-409d03511d4d;attendee;2026-06-12 14:41:30.040291+00
c766f3ce-56fb-48f0-9338-e1ecfb1ed116;b867e606-72a4-47df-91f4-0ad289b1a97f;attendee;2026-06-12 14:41:30.192727+00
f250e9e5-0ca5-4047-b7c7-d2eb081d3a1e;90415b7b-0f41-4b47-8389-f5a7a7357bcf;attendee;2026-06-12 14:41:30.344993+00
2331068b-c3bc-42b2-915d-5711f6ab1f26;d055b6fb-8089-4e19-9361-4fdf63dea8e0;attendee;2026-06-12 14:41:30.502304+00
d3601f18-1daa-4550-aaaa-d6b9a3a487a7;5d4aa793-25fb-46fb-97ca-609db5b6b52e;attendee;2026-06-12 14:41:30.652398+00
2fdf7b3d-8bf0-425e-82ad-013fbc8cd83a;991b3602-1797-4810-bd5a-6dbcacd0b14e;attendee;2026-06-12 14:41:30.805134+00
6791e469-c640-4190-a17b-ae455872076a;f4e4c1ac-a1bf-42fd-9f98-a467bec98631;attendee;2026-06-12 14:41:30.956202+00
768ee15d-1a5e-4035-8ca2-8e371dd574ad;d7c11f17-b321-4975-a16e-1e9078d7c982;attendee;2026-06-12 14:41:31.108129+00
6b45d896-000b-4934-a766-8101f9d3ae8d;c59470f5-35d4-4eb9-bae3-79f0b80ba192;attendee;2026-06-12 14:41:31.26325+00
47c25715-4466-419d-91cc-8a682bb45e71;a44c5ce8-678f-4537-b690-395eaea612b2;attendee;2026-06-12 14:41:31.420843+00
5f8ac56b-c57b-4747-936b-b98767fcad66;994d2491-36b2-4e6e-bc0e-a897bf6fbec1;attendee;2026-06-12 14:41:31.573349+00
042d2c18-cac0-4b7d-b3ad-27c709d869f3;989c33a0-a107-40f2-8cf5-f55ac5b5a1f0;attendee;2026-06-12 14:41:31.725639+00
049e5362-49a7-4bd2-95d2-38b1baf144d8;0fb26968-0f4a-419b-8356-49abf2b5ee39;attendee;2026-06-12 14:41:31.877117+00
2bd2643f-c057-4e54-b1e9-bc27c5ac7c55;98919b2e-5c97-484c-90d5-69e0bd22f572;attendee;2026-06-12 14:41:32.029941+00
984b6403-a0cb-4db2-b96d-ca04c176a8ec;fb4895d4-dc48-43ce-8c39-494b056ed6fb;attendee;2026-06-12 14:41:32.188423+00
ce11395d-9fe7-4d12-9900-19b60b1f9c4b;845436f5-57fa-4b5d-bfd1-56bed126748d;attendee;2026-06-12 14:41:32.340771+00
3850e5f6-0d6b-4aa6-a872-72752782e070;6376cf29-7760-495b-b43e-3d933cbdca61;attendee;2026-06-12 14:41:32.497308+00
046fdfd7-73f3-4f99-b4ae-9def2a25ff64;441cca1b-a3d7-4f7c-a8ef-332b8013c454;attendee;2026-06-12 14:41:32.650302+00
75b6f6f4-6516-424e-9b62-767ea26f4d6f;8c5d9cd5-6436-41af-a07a-80844922859d;attendee;2026-06-12 14:41:32.803832+00
f888ca58-60d4-46ef-bc66-11bed547854e;14f4b3d6-2b6c-48e7-915f-d6fa3bca9024;attendee;2026-06-12 14:41:32.961639+00
6f3a4ef0-33e2-43d8-aa5d-a7fad124887f;a9fb36c3-a331-4956-a9f9-5b26ec654eb1;attendee;2026-06-12 14:41:33.115659+00
d30a7281-9086-4a56-96ac-89c2d0835285;1c88b0a0-ffd6-4d77-838e-5e1b738c8e8a;attendee;2026-06-12 14:41:33.268012+00
418bb800-4ce8-40aa-afba-b86d13953aa8;8b22230b-5d83-4960-adc1-fbdd045a0bbe;attendee;2026-06-12 14:41:33.424168+00
e3121077-9149-471d-b6c2-bb184dd84996;e4ec922f-bb8d-49f9-82cb-66ae23718ef8;attendee;2026-06-12 14:41:33.579453+00
44a1914f-d3a3-4e0e-8e00-05d1785bc3b4;76beafc8-af62-4980-b3f4-9cea8b1b542b;attendee;2026-06-12 14:41:33.731898+00
92f723e8-3329-4a29-a679-aaf208f119cd;7bdf2a71-6a63-46f1-abb9-8f701902897d;attendee;2026-06-12 14:41:33.888656+00
a87dcf9b-aba7-4f8a-87ec-e76e20197aab;93087089-9e83-47f1-aad2-320da59b260b;attendee;2026-06-12 14:41:34.041802+00
f7631a9d-67b7-4e98-a2dc-be3cab177ad0;4408cb67-7221-4bc5-a19d-adc9bff27ccb;attendee;2026-06-12 14:41:34.198077+00
e5c68492-3e5f-41ae-995e-d6ec8bdee81f;ddad77b6-aecb-4a81-88bb-28fc1e61694d;attendee;2026-06-12 14:41:34.352623+00
7ec32cd9-8c7a-42ef-932c-5ab8a0de1d33;8160dd1e-a0f5-4fd3-b71f-7afb6bb0c507;attendee;2026-06-12 14:41:34.505678+00
f445e2a9-a2de-413f-849c-5fb866fd06af;0838a31b-0502-4e9c-a0b7-af64de75bafe;attendee;2026-06-12 14:41:34.658341+00
9e4ee48a-2a03-4827-b8d3-f9fc00f251e1;e85dbe9b-f55e-455a-bf76-614fefb14d36;attendee;2026-06-12 14:41:34.810759+00
7f6bfe2a-1dac-4551-a22b-3af4b931153d;e59b2f7b-ebe9-40e8-b7ed-7ace1e5a51f7;attendee;2026-06-12 14:41:34.961733+00
ac5241d0-9f34-46b3-9429-8e326c468bbc;ab03c748-cff5-4cf3-9899-cb4a2f95c323;attendee;2026-06-12 14:41:35.125817+00
88301458-3bee-456e-ae26-94040b25cec6;595eecf1-7544-427c-bfc5-1cbe3046e51c;attendee;2026-06-12 14:41:35.279482+00
d09119e9-f767-4615-81d4-7876ecaad98d;f6b99ae3-b58c-4467-8100-a746dd46acfc;attendee;2026-06-12 14:41:35.438872+00
61a7387f-6b6c-4a3f-8d11-e86e8758b3a5;a6f0fe6a-60e8-4258-a9e2-dd71f5b569d4;attendee;2026-06-12 14:41:35.588825+00
19f7fc27-7acd-4f35-984d-a960be891b8d;93fdf09b-d48a-4a36-b6e1-5a0e218192db;attendee;2026-06-12 14:41:35.74201+00
bad40d56-a3e0-41d8-9816-57750b5cab59;c5152ed2-4ff5-456c-adef-d2f1b2cb8324;attendee;2026-06-12 14:41:35.893226+00
73339e80-8556-4c66-ba90-e5fec1711cb5;fa2522a6-240d-4637-beac-183fc9c374ae;attendee;2026-06-12 14:41:36.05328+00
822c82db-70ae-4586-9cce-85b62921ab44;e6ed9686-4f6c-4bc7-99bc-36b5c3c00350;attendee;2026-06-12 14:41:36.204561+00
61ab3e24-fabb-4bbc-bbcc-fcb080113a50;bb3e1dc3-f381-4385-b357-eb511f8a529c;attendee;2026-06-12 14:41:36.356239+00
dce8397f-2250-433a-be86-b0118a100185;744eabf6-6d84-49cb-87ef-3f92408457cd;attendee;2026-06-12 14:41:36.510954+00
ce57ae06-de5e-4580-bf2f-fa3cbaecd245;6672e914-f1ea-4acf-b658-e9af873d8069;attendee;2026-06-12 14:41:36.670237+00
aa96c7ac-5ee7-448b-8991-e837e61b5977;e7ffa3f5-d51f-4669-8a9e-cae12ab26dc7;attendee;2026-06-12 14:41:36.8252+00
83f3bbc4-3768-4572-919d-75ee3b0ca31a;f07334db-4038-4664-9dbb-774ba833ff2c;attendee;2026-06-12 14:41:36.980063+00
5d474d76-94d7-4879-9705-2a31dc316361;a7fd411c-c315-423e-b4ab-1e5702f9e2c9;attendee;2026-06-12 14:41:37.130435+00
018afbe9-d321-4484-9411-7559e5cb5ca1;73f9c832-005e-4c8c-8ce7-7e985f96f17d;attendee;2026-06-12 14:41:37.287546+00
541c6f5c-e249-4510-9582-6b4bf28b54ff;10bf1e61-ca18-42d4-8c23-1ae1da618b1a;attendee;2026-06-12 14:41:37.438088+00
89d3d374-4093-404a-a681-1f8946726d3d;5404acb0-5cdd-4487-9c0f-a56f0d628040;attendee;2026-06-12 14:41:37.590661+00
7a585e0d-009f-41db-b3f7-5f5fd7ae89d8;2f9bc558-977b-414a-a4a3-55d03ff6c91a;attendee;2026-06-12 14:41:37.740498+00
61b8f55e-b19e-4b70-8c5f-254b40be044d;d96dc9aa-305d-4af0-9daa-16a79211174a;attendee;2026-06-12 14:41:37.893288+00
ef9ec3b7-8597-47c1-a91a-db25522ca106;5b98fd87-8730-4d65-ae7f-7b0e2f32d7f0;attendee;2026-06-12 14:41:38.041637+00
5fc24ae9-2830-4c68-ae4f-3b34a85e4323;1d26ac9f-9c0b-499c-9769-864ca2d5a95c;attendee;2026-06-12 14:41:38.196461+00
1c253a8d-5544-4e6f-833b-7112837f40b8;8dd269a8-ef27-49e5-986b-66de6ecb848b;attendee;2026-06-12 14:41:38.346055+00
0381e84f-e48a-4323-916a-fb0841604146;55343bda-bb58-46ce-a93a-f63578c7804e;attendee;2026-06-12 14:41:38.500528+00
50c3d065-31e4-48e9-a91e-d9d6b917108d;8f17c075-f443-4d9b-8ab8-cd416901f9ea;attendee;2026-06-12 14:41:38.6543+00
f88c4625-f5a9-4796-b33e-ce0914f5c68a;0e90386a-61f6-4c25-b97c-331d477ece0f;attendee;2026-06-12 14:41:38.80747+00
9bf6abf5-96cc-4084-8114-0e0263536b54;920c9fe4-7515-4d40-86e7-0aee347bf2ac;attendee;2026-06-12 14:41:38.957806+00
447b74f9-7b23-4223-8b72-2c36d800efc3;0aa719a3-35e4-476a-8983-37d285bf6cfe;attendee;2026-06-12 14:41:39.109048+00
c1c8c97f-c2f9-418c-86c2-7f688d4a8dbf;d4d302ac-ad08-4ca2-bd7b-3014c9817d0f;attendee;2026-06-12 14:41:39.260732+00
875677ae-d232-4dac-80c7-a592c9a08727;e5eeef0f-f03c-44f7-afbf-0ceccc19c70c;attendee;2026-06-12 14:41:39.416485+00
2fd46c58-0014-41d4-b1b0-65e831b7fb79;613d05d2-c205-4377-9d55-2ed5324c34c1;attendee;2026-06-12 14:41:39.565861+00
d3ea6a82-9fe6-45e9-8caf-894d5f3a407f;28742c70-6ca5-483b-9ae5-cb26b11fd739;attendee;2026-06-12 14:41:39.723495+00
5ba3a3fb-92db-4843-acb4-5221b3d8c45e;8272f8e7-3577-4c6a-8346-4d425372df76;attendee;2026-06-12 14:41:39.879449+00
5c6902c8-9398-454f-8462-0b99b3ad8038;f457c529-2b9b-4938-ad87-b3a25a30b558;attendee;2026-06-12 14:41:40.03358+00
9b70253c-908f-4f7a-8500-836d19bbadfa;bf21df83-b9eb-4d58-8f8f-588232cb1f3c;attendee;2026-06-12 14:41:40.192884+00
0c6a9d4c-822d-4aa3-b9ae-918eb2c58fec;757d5860-bd9d-4a60-9bb5-344253d7c60b;attendee;2026-06-12 14:41:40.34734+00
da0f89ee-2a6c-40c9-a595-6655edef5b03;6879a798-4e1f-428a-a6e5-fb9ca8055acf;attendee;2026-06-12 14:41:40.501161+00
c0cea76d-d597-4aad-8c57-c1c46d294392;a91627a7-45ed-4f59-9e30-e603840c99d2;attendee;2026-06-12 14:41:40.653637+00
81324170-8695-440f-91a9-a4489dff0b82;d2fae8c3-2fb5-4706-91f5-5ee4014c8767;attendee;2026-06-12 14:41:40.805718+00
f56faa7c-5f9c-4b75-9654-adbf77adf804;bc0ab6bb-1380-4dd5-a345-78e76bc4900d;attendee;2026-06-12 14:41:40.958692+00
89b381cd-4fa0-426b-b99d-ca89624f5afd;90337e1e-28d4-438e-bc93-337324195c2c;attendee;2026-06-12 14:41:41.10693+00
254c7769-c9fe-45f1-9ca5-fc88a3056be9;c13bec7c-17eb-43b4-9a9a-821997a638d1;attendee;2026-06-12 14:41:41.262288+00
676954eb-aab5-42eb-91ae-96d27ac1c3c4;daf47f1d-4aa9-4c79-9527-ad7b24733669;attendee;2026-06-12 14:41:41.415808+00
263bbbbf-214a-4519-8e57-46224097c4fe;efc554ef-c8a4-4728-9106-292f5a973ae2;attendee;2026-06-12 14:41:41.570535+00
6eb12c89-c359-4909-a6b9-7bb336973f2e;ff800aa3-f744-46ff-af54-41867cd2304f;attendee;2026-06-12 14:41:41.721866+00
5c09d2a3-50db-453e-943d-1f649b973941;abb7c840-0630-4b4e-99a8-7a0518917ac3;attendee;2026-06-12 14:41:41.873717+00
a88d815f-da93-49a9-a430-44ecca2920f8;51fed1fe-edf1-493a-af02-a4a769fab78b;attendee;2026-06-12 14:41:42.022626+00
c6819350-97a0-4ea4-9afc-9f36cab16f2a;6a3f8829-047f-4fca-bc53-7f1d4ee0523e;attendee;2026-06-12 14:41:42.178926+00
aa45adaa-be34-4158-8e3c-c7790b9f38a2;f2c223f3-0761-4489-b712-b46d5e7ef8fe;attendee;2026-06-12 14:41:42.331776+00
a1c9d482-af85-41d9-8a91-7f3deee78f8b;0a7bccf6-65d1-4441-b4c7-2a20c35cbceb;attendee;2026-06-12 14:41:42.485192+00
508756ad-0a11-4436-9121-b542fdd90598;98ba161f-5cf9-40bd-9521-282fd4dea216;attendee;2026-06-12 15:40:26.461212+00
b03d9426-20ff-4c93-b74d-4be7357fb843;6f216f96-0c66-4441-81a6-d97de6f672bc;attendee;2026-06-12 15:41:13.546476+00
5e23cd12-347f-4b54-a648-95396dbfb384;5210af95-ddfc-4b00-886d-7f3c60896b09;attendee;2026-06-15 11:23:41.604521+00
9d1e1ef0-221f-49e2-9039-df54a4f04082;99e82a00-df9d-4962-90d5-146c76e3b9e0;admin;2026-05-28 20:31:28.078987+00